Date,LAT,LONG
5/25/2018 14:00:00,39.64717,65.402
5/25/2018 15:00:00,39.64017,65.40933000000001
5/25/2018 16:00:00,39.635329999999996,65.4105
5/25/2018 17:00:00,39.6255,65.40717
5/25/2018 18:00:00,39.62567,65.40717
5/26/2018 12:00:00,39.618,65.39867
5/26/2018 14:00:00,39.616170000000004,65.4035
5/26/2018 16:00:00,39.611,65.39067
5/27/2018 6:00:00,39.58983,65.38683
5/27/2018 8:00:00,39.58967,65.38733
5/27/2018 10:00:00,39.58983,65.38817
5/28/2018 0:00:00,39.59783,65.38583
5/28/2018 2:00:00,39.602,65.38933
5/28/2018 4:00:00,39.60917,65.40666999999999
5/28/2018 12:00:00,39.616,65.40417
5/28/2018 14:00:00,39.61333,65.39766999999999
5/28/2018 16:00:00,39.608000000000004,65.39183
5/29/2018 0:00:00,39.60667,65.396
5/29/2018 2:00:00,39.611999999999995,65.39617
5/29/2018 4:00:00,39.620329999999996,65.40867
5/30/2018 0:00:00,39.625,65.40083
5/30/2018 2:00:00,39.623329999999996,65.40217
5/30/2018 4:00:00,39.61967,65.3955
5/30/2018 6:00:00,39.619,65.4025
5/30/2018 8:00:00,39.61867,65.40483
5/30/2018 10:00:00,39.61867,65.40483
5/30/2018 12:00:00,39.619170000000004,65.40983
5/30/2018 14:00:00,39.6235,65.41
5/30/2018 16:00:00,39.62383,65.40167
5/30/2018 18:00:00,39.62383,65.40167
5/30/2018 20:00:00,39.62233,65.402
5/30/2018 22:00:00,39.62233,65.402
5/31/2018 0:00:00,39.6265,65.398
5/31/2018 2:00:00,39.621,65.39667
5/31/2018 4:00:00,39.61933,65.3935
6/1/2018 18:00:00,39.62317,65.39766999999999
6/1/2018 20:00:00,39.623670000000004,65.3985
6/1/2018 22:00:00,39.6255,65.39733000000001
6/2/2018 0:00:00,39.62117,65.39333
6/2/2018 2:00:00,39.618829999999996,65.38167
6/2/2018 4:00:00,39.61083,65.4015
6/2/2018 6:00:00,39.61117,65.402
6/2/2018 8:00:00,39.61117,65.402
6/2/2018 10:00:00,39.61067,65.4005
6/2/2018 12:00:00,39.61133,65.39699999999999
6/2/2018 14:00:00,39.618829999999996,65.39166999999999
6/2/2018 16:00:00,39.612829999999995,65.38616999999999
6/3/2018 0:00:00,39.61133,65.38717
6/3/2018 2:00:00,39.61133,65.39
6/3/2018 4:00:00,39.610170000000004,65.3965
6/3/2018 12:00:00,39.61683,65.38083
6/3/2018 14:00:00,39.612829999999995,65.383
6/3/2018 16:00:00,39.60767,65.3885
6/4/2018 0:00:00,39.60567,65.38767
6/4/2018 2:00:00,39.606,65.39033
6/4/2018 4:00:00,39.6095,65.39283
6/4/2018 6:00:00,39.6095,65.393
6/4/2018 8:00:00,39.608000000000004,65.396
6/4/2018 10:00:00,39.60833,65.39367
6/4/2018 12:00:00,39.60967,65.39483
6/4/2018 14:00:00,39.62117,65.40217
6/4/2018 16:00:00,39.62433,65.39933
6/5/2018 0:00:00,39.615829999999995,65.402
6/5/2018 2:00:00,39.62017,65.40483
6/5/2018 4:00:00,39.62233,65.40733
6/5/2018 6:00:00,39.6225,65.40783
6/5/2018 8:00:00,39.623000000000005,65.407
6/5/2018 10:00:00,39.6235,65.40666999999999
6/5/2018 12:00:00,39.62567,65.40517
6/5/2018 14:00:00,39.6245,65.41783000000001
6/5/2018 16:00:00,39.62533,65.40717
6/5/2018 18:00:00,39.62567,65.40817
6/5/2018 20:00:00,39.62567,65.40817
6/5/2018 22:00:00,39.62433,65.4085
6/6/2018 0:00:00,39.617670000000004,65.40183
6/6/2018 2:00:00,39.60633,65.38417
6/6/2018 4:00:00,39.602,65.3745
6/6/2018 6:00:00,39.602,65.3745
6/6/2018 8:00:00,39.60183,65.37467
6/6/2018 10:00:00,39.60183,65.3745
6/6/2018 12:00:00,39.602,65.3745
6/6/2018 14:00:00,39.60283,65.37317
6/6/2018 16:00:00,39.6075,65.37983
6/6/2018 18:00:00,39.60783,65.37966999999999
6/6/2018 20:00:00,39.60783,65.37966999999999
6/6/2018 22:00:00,39.60783,65.37966999999999
6/7/2018 0:00:00,39.6085,65.392
6/7/2018 2:00:00,39.60283,65.3815
6/7/2018 4:00:00,39.59617,65.36267
6/8/2018 0:00:00,39.5955,65.37483
6/8/2018 6:00:00,39.61517,65.38967
6/8/2018 8:00:00,39.61483,65.38983
6/8/2018 10:00:00,39.6165,65.39183
6/8/2018 12:00:00,39.61633,65.39183
6/8/2018 14:00:00,39.61933,65.39267
6/8/2018 16:00:00,39.622170000000004,65.39517
6/9/2018 6:00:00,39.618,65.39883
6/9/2018 8:00:00,39.618,65.39867
6/9/2018 10:00:00,39.618,65.39883
6/9/2018 12:00:00,39.618,65.39883
6/9/2018 14:00:00,39.6235,65.39067
6/9/2018 16:00:00,39.616,65.38433
6/9/2018 18:00:00,39.61633,65.3845
6/9/2018 20:00:00,39.61633,65.3845
6/9/2018 22:00:00,39.61633,65.3845
6/10/2018 0:00:00,39.612829999999995,65.382
6/10/2018 2:00:00,39.62433,65.391
6/10/2018 4:00:00,39.618,65.39867
6/10/2018 6:00:00,39.618,65.39867
6/10/2018 8:00:00,39.615,65.39867
6/10/2018 10:00:00,39.615,65.39867
6/10/2018 12:00:00,39.61533,65.39766999999999
6/10/2018 14:00:00,39.617,65.38883
6/10/2018 16:00:00,39.6165,65.38467
6/10/2018 18:00:00,39.616170000000004,65.3845
6/10/2018 20:00:00,39.616170000000004,65.3845
6/10/2018 22:00:00,39.61633,65.3845
6/11/2018 12:00:00,39.61967,65.43333
6/11/2018 14:00:00,39.616170000000004,65.4425
6/11/2018 16:00:00,39.60517,65.434
6/11/2018 18:00:00,39.6055,65.432
6/11/2018 20:00:00,39.6055,65.432
6/11/2018 22:00:00,39.6055,65.432
6/12/2018 0:00:00,39.605,65.43
6/12/2018 2:00:00,39.60683,65.46616999999999
6/12/2018 4:00:00,39.59283,65.45633000000001
6/12/2018 6:00:00,39.58833,65.45666999999999
6/12/2018 8:00:00,39.58833,65.45683000000001
6/12/2018 10:00:00,39.58833,65.45683000000001
6/12/2018 12:00:00,39.586999999999996,65.45867
6/12/2018 14:00:00,39.57983,65.453
6/12/2018 16:00:00,39.57083,65.44833
6/12/2018 18:00:00,39.57233,65.44767
6/12/2018 20:00:00,39.57233,65.44767
6/12/2018 22:00:00,39.57233,65.44767
6/13/2018 0:00:00,39.58833,65.46083
6/13/2018 2:00:00,39.58183,65.45633000000001
6/13/2018 4:00:00,39.586999999999996,65.45666999999999
6/13/2018 6:00:00,39.58683,65.4565
6/13/2018 8:00:00,39.58683,65.4565
6/13/2018 10:00:00,39.58683,65.45817
6/13/2018 12:00:00,39.58633,65.45966999999999
6/13/2018 14:00:00,39.5875,65.4545
6/13/2018 16:00:00,39.59033,65.45383000000001
6/13/2018 18:00:00,39.59033,65.45383000000001
6/13/2018 20:00:00,39.59033,65.45383000000001
6/13/2018 22:00:00,39.59033,65.45383000000001
6/14/2018 0:00:00,39.58733,65.44767
6/14/2018 2:00:00,39.59433,65.46266999999999
6/14/2018 4:00:00,39.58883,65.45517
6/14/2018 6:00:00,39.58733,65.46183
6/14/2018 8:00:00,39.58867,65.4635
6/14/2018 10:00:00,39.589,65.46283000000001
6/14/2018 12:00:00,39.57667,65.45517
6/14/2018 14:00:00,39.574329999999996,65.44833
6/14/2018 16:00:00,39.6005,65.418
6/14/2018 18:00:00,39.60733,65.42083000000001
6/14/2018 20:00:00,39.607,65.42283
6/14/2018 22:00:00,39.607,65.42283
6/15/2018 0:00:00,39.607,65.42733
6/15/2018 2:00:00,39.61483,65.4125
6/15/2018 4:00:00,39.61,65.41
6/15/2018 6:00:00,39.61067,65.40983
6/15/2018 8:00:00,39.59967,65.42033
6/15/2018 10:00:00,39.59467,65.42383000000001
6/15/2018 12:00:00,39.59617,65.42217
6/15/2018 14:00:00,39.6035,65.41367
6/15/2018 16:00:00,39.610170000000004,65.39033
6/16/2018 0:00:00,39.60633,65.3955
6/17/2018 6:00:00,39.58683,65.464
6/17/2018 8:00:00,39.5875,65.46233000000001
6/17/2018 10:00:00,39.58667,65.45817
6/17/2018 12:00:00,39.58517,65.457
6/17/2018 14:00:00,39.5825,65.45767
6/17/2018 16:00:00,39.573,65.45333000000001
6/17/2018 18:00:00,39.57383,65.44917
6/17/2018 20:00:00,39.57383,65.44917
6/17/2018 22:00:00,39.57383,65.44917
6/18/2018 0:00:00,39.588,65.45617
6/18/2018 2:00:00,39.58817,65.46033
6/18/2018 4:00:00,39.5865,65.4635
6/18/2018 6:00:00,39.58667,65.45817
6/18/2018 8:00:00,39.5865,65.4575
6/18/2018 10:00:00,39.588,65.46033
6/18/2018 12:00:00,39.588,65.461
6/18/2018 14:00:00,39.59383,65.45567
6/18/2018 16:00:00,39.60767,65.44233
6/18/2018 18:00:00,39.608670000000004,65.43983
6/18/2018 20:00:00,39.608670000000004,65.43983
6/18/2018 22:00:00,39.6125,65.43666999999999
6/19/2018 12:00:00,39.61483,65.43567
6/19/2018 14:00:00,39.61217,65.439
6/19/2018 16:00:00,39.62433,65.46600000000001
6/19/2018 18:00:00,39.6255,65.469
6/19/2018 20:00:00,39.62683,65.47133000000001
6/19/2018 22:00:00,39.62683,65.47133000000001
6/20/2018 0:00:00,39.62617,65.47083
6/20/2018 2:00:00,39.62567,65.47133000000001
6/20/2018 4:00:00,39.62583,65.46733
6/20/2018 6:00:00,39.62583,65.46733
6/20/2018 8:00:00,39.626329999999996,65.46683
6/20/2018 10:00:00,39.626329999999996,65.46683
6/20/2018 12:00:00,39.6275,65.469
6/20/2018 14:00:00,39.629,65.46533000000001
6/20/2018 18:00:00,39.632,65.46833000000001
6/20/2018 20:00:00,39.632329999999996,65.46817
6/20/2018 22:00:00,39.632329999999996,65.46817
6/21/2018 0:00:00,39.6305,65.47033
6/21/2018 2:00:00,39.627829999999996,65.46717
6/21/2018 4:00:00,39.6245,65.46467
6/21/2018 6:00:00,39.62467,65.46483
6/21/2018 8:00:00,39.62617,65.46483
6/21/2018 10:00:00,39.6235,65.462
6/21/2018 18:00:00,39.62617,65.47117
6/21/2018 20:00:00,39.626329999999996,65.47133000000001
6/21/2018 22:00:00,39.626329999999996,65.47133000000001
6/22/2018 0:00:00,39.6295,65.47166999999999
6/22/2018 2:00:00,39.626,65.46783
6/22/2018 4:00:00,39.623670000000004,65.465
6/22/2018 6:00:00,39.62383,65.46483
6/22/2018 8:00:00,39.624,65.46483
6/22/2018 10:00:00,39.623000000000005,65.46367
6/22/2018 12:00:00,39.62283,65.4635
6/22/2018 14:00:00,39.6145,65.45867
6/22/2018 16:00:00,39.60417,65.45100000000001
6/22/2018 18:00:00,39.60933,65.456
6/22/2018 20:00:00,39.61067,65.46183
6/22/2018 22:00:00,39.61067,65.46183
6/23/2018 0:00:00,39.626329999999996,65.46933
6/23/2018 2:00:00,39.62683,65.47367
6/23/2018 4:00:00,39.62233,65.4645
6/23/2018 12:00:00,39.622,65.46817
6/23/2018 14:00:00,39.619,65.46733
6/23/2018 16:00:00,39.60467,65.452
6/23/2018 18:00:00,39.60883,65.45733
6/23/2018 20:00:00,39.61717,65.45883
6/23/2018 22:00:00,39.619,65.4585
6/24/2018 6:00:00,39.62233,65.4615
6/24/2018 8:00:00,39.622170000000004,65.46217
6/24/2018 10:00:00,39.6225,65.46283000000001
6/25/2018 12:00:00,39.61967,65.46217
6/25/2018 14:00:00,39.613170000000004,65.46117
6/25/2018 16:00:00,39.60433,65.45233
6/25/2018 18:00:00,39.6075,65.473
6/25/2018 20:00:00,39.61133,65.48167
6/25/2018 22:00:00,39.626999999999995,65.4735
6/26/2018 0:00:00,39.62983,65.4685
6/26/2018 2:00:00,39.63167,65.46517
6/26/2018 4:00:00,39.62267,65.46067
6/26/2018 6:00:00,39.6225,65.46067
6/26/2018 8:00:00,39.622170000000004,65.462
6/26/2018 10:00:00,39.622170000000004,65.462
6/27/2018 0:00:00,39.610170000000004,65.43316999999999
6/27/2018 2:00:00,39.61717,65.46566999999999
6/27/2018 4:00:00,39.6215,65.46083
6/27/2018 6:00:00,39.62133,65.46067
6/27/2018 8:00:00,39.620329999999996,65.461
6/27/2018 10:00:00,39.61933,65.4625
6/27/2018 12:00:00,39.619170000000004,65.4625
6/27/2018 14:00:00,39.60917,65.458
6/27/2018 16:00:00,39.5995,65.44383
6/27/2018 18:00:00,39.60467,65.43316999999999
6/27/2018 20:00:00,39.60533,65.43033
6/27/2018 22:00:00,39.6095,65.43133
6/28/2018 0:00:00,39.61117,65.46117
6/28/2018 2:00:00,39.59967,65.48833
6/28/2018 4:00:00,39.59683,65.4725
6/28/2018 6:00:00,39.60283,65.47216999999999
6/28/2018 8:00:00,39.6075,65.47466999999999
6/28/2018 10:00:00,39.60983,65.47417
6/28/2018 12:00:00,39.61,65.47399999999999
6/28/2018 14:00:00,39.6115,65.47667
6/28/2018 16:00:00,39.62767,65.49483000000001
6/29/2018 18:00:00,39.626,65.47516999999999
6/29/2018 20:00:00,39.6295,65.4725
6/29/2018 22:00:00,39.631,65.46833000000001
6/30/2018 0:00:00,39.63,65.46217
6/30/2018 2:00:00,39.619,65.4615
6/30/2018 4:00:00,39.617670000000004,65.45933000000001
6/30/2018 6:00:00,39.6155,65.46
6/30/2018 8:00:00,39.6155,65.46
6/30/2018 10:00:00,39.6155,65.46
6/30/2018 12:00:00,39.6155,65.45983000000001
6/30/2018 14:00:00,39.615,65.46117
6/30/2018 16:00:00,39.6345,65.48033000000001
6/30/2018 18:00:00,39.63317,65.48066999999999
6/30/2018 20:00:00,39.632329999999996,65.482
6/30/2018 22:00:00,39.63133,65.48183
7/1/2018 0:00:00,39.629670000000004,65.4735
7/1/2018 2:00:00,39.62417,65.47617
7/1/2018 4:00:00,39.62567,65.477
7/1/2018 6:00:00,39.62567,65.477
7/1/2018 8:00:00,39.62567,65.47717
7/1/2018 10:00:00,39.62567,65.47717
7/1/2018 12:00:00,39.62567,65.47717
7/1/2018 14:00:00,39.62583,65.47633
7/1/2018 16:00:00,39.6335,65.47516999999999
7/1/2018 18:00:00,39.6325,65.4755
7/1/2018 20:00:00,39.632,65.4845
7/1/2018 22:00:00,39.631,65.48283
7/2/2018 0:00:00,39.63317,65.485
7/2/2018 2:00:00,39.62767,65.4655
7/2/2018 4:00:00,39.62267,65.46566999999999
7/2/2018 12:00:00,39.62267,65.46533000000001
7/2/2018 14:00:00,39.6235,65.4655
7/2/2018 16:00:00,39.62533,65.4795
7/2/2018 18:00:00,39.62533,65.4795
7/2/2018 20:00:00,39.6305,65.48233
7/2/2018 22:00:00,39.63217,65.46967
7/3/2018 18:00:00,39.63,65.47166999999999
7/3/2018 20:00:00,39.6295,65.47183000000001
7/3/2018 22:00:00,39.633,65.4795
7/4/2018 6:00:00,39.623000000000005,65.47783000000001
7/4/2018 8:00:00,39.62317,65.47766999999999
7/4/2018 10:00:00,39.623000000000005,65.47783000000001
7/4/2018 18:00:00,39.62233,65.4935
7/4/2018 20:00:00,39.62233,65.49367
7/4/2018 22:00:00,39.623670000000004,65.49583
7/5/2018 0:00:00,39.63483,65.49616999999999
7/5/2018 2:00:00,39.63517,65.50267
7/5/2018 4:00:00,39.63367,65.50466999999999
7/5/2018 6:00:00,39.6335,65.50417
7/5/2018 8:00:00,39.63433,65.50483
7/5/2018 10:00:00,39.634170000000005,65.50483
7/5/2018 12:00:00,39.63433,65.505
7/5/2018 14:00:00,39.63767,65.50766999999999
7/5/2018 16:00:00,39.6365,65.49283
7/5/2018 18:00:00,39.634170000000005,65.492
7/5/2018 20:00:00,39.634170000000005,65.492
7/5/2018 22:00:00,39.633829999999996,65.48817
7/6/2018 6:00:00,39.634170000000005,65.5055
7/6/2018 8:00:00,39.633829999999996,65.5055
7/6/2018 10:00:00,39.634170000000005,65.5055
7/6/2018 12:00:00,39.634170000000005,65.5055
7/6/2018 14:00:00,39.63333,65.50617
7/6/2018 16:00:00,39.63017,65.49217
7/7/2018 12:00:00,39.637,65.50466999999999
7/7/2018 18:00:00,39.636829999999996,65.49067
7/7/2018 20:00:00,39.636829999999996,65.49067
7/7/2018 22:00:00,39.63667,65.4905
7/8/2018 6:00:00,39.635999999999996,65.50583
7/8/2018 8:00:00,39.635999999999996,65.50583
7/8/2018 10:00:00,39.635999999999996,65.50583
7/8/2018 18:00:00,39.63217,65.4935
7/8/2018 20:00:00,39.63217,65.49333
7/8/2018 22:00:00,39.632329999999996,65.4935
7/9/2018 0:00:00,39.6335,65.4965
7/9/2018 2:00:00,39.635,65.50267
7/9/2018 4:00:00,39.635,65.50583
7/9/2018 12:00:00,39.635,65.50583
7/9/2018 14:00:00,39.6345,65.5055
7/9/2018 16:00:00,39.63917,65.49266999999999
7/9/2018 18:00:00,39.63917,65.4925
7/9/2018 20:00:00,39.6355,65.49167
7/9/2018 22:00:00,39.63333,65.49067
7/10/2018 0:00:00,39.634,65.49783000000001
7/10/2018 2:00:00,39.63483,65.50233
7/10/2018 4:00:00,39.635,65.50567
7/10/2018 18:00:00,39.635,65.49417
7/10/2018 20:00:00,39.635,65.49417
7/10/2018 22:00:00,39.635,65.49417
7/11/2018 0:00:00,39.63867,65.498
7/11/2018 2:00:00,39.63433,65.50483
7/11/2018 4:00:00,39.635,65.50567
7/11/2018 6:00:00,39.635999999999996,65.50583
7/11/2018 8:00:00,39.635999999999996,65.50583
7/11/2018 10:00:00,39.635999999999996,65.50583
7/12/2018 6:00:00,39.635,65.50567
7/12/2018 8:00:00,39.635,65.50567
7/12/2018 10:00:00,39.635,65.50583
7/12/2018 12:00:00,39.635,65.50567
7/12/2018 14:00:00,39.634170000000005,65.50466999999999
7/12/2018 16:00:00,39.63783,65.50433000000001
7/12/2018 18:00:00,39.639,65.50183
7/12/2018 20:00:00,39.639,65.50183
7/12/2018 22:00:00,39.639,65.50183
7/13/2018 0:00:00,39.639,65.49866999999999
7/13/2018 2:00:00,39.632670000000005,65.50617
7/13/2018 4:00:00,39.635,65.50567
7/13/2018 6:00:00,39.635,65.50567
7/13/2018 8:00:00,39.635,65.50583
7/13/2018 10:00:00,39.635,65.50567
7/13/2018 12:00:00,39.635,65.50567
7/13/2018 14:00:00,39.634,65.50383000000001
7/13/2018 16:00:00,39.6405,65.502
7/13/2018 18:00:00,39.63967,65.50083000000001
7/13/2018 20:00:00,39.63967,65.50083000000001
7/13/2018 22:00:00,39.63967,65.50083000000001
7/14/2018 6:00:00,39.635329999999996,65.50617
7/14/2018 8:00:00,39.635,65.5055
7/14/2018 10:00:00,39.635,65.50567
7/14/2018 12:00:00,39.63517,65.50567
7/14/2018 14:00:00,39.634,65.50466999999999
7/14/2018 16:00:00,39.624829999999996,65.50216999999999
7/14/2018 18:00:00,39.6255,65.502
7/14/2018 20:00:00,39.6255,65.50183
7/14/2018 22:00:00,39.6255,65.502
7/15/2018 0:00:00,39.63317,65.49633
7/15/2018 2:00:00,39.6375,65.503
7/15/2018 4:00:00,39.635999999999996,65.50583
7/15/2018 6:00:00,39.635999999999996,65.50583
7/15/2018 8:00:00,39.635,65.50567
7/15/2018 10:00:00,39.635,65.50567
7/15/2018 12:00:00,39.635,65.50567
7/15/2018 14:00:00,39.63483,65.50667
7/15/2018 16:00:00,39.641,65.5105
7/15/2018 18:00:00,39.64117,65.50867
7/15/2018 20:00:00,39.64117,65.50867
7/15/2018 22:00:00,39.64117,65.5085
7/16/2018 0:00:00,39.63967,65.50816999999999
7/16/2018 2:00:00,39.63917,65.5005
7/16/2018 4:00:00,39.635,65.50583
7/16/2018 6:00:00,39.635,65.50583
7/16/2018 8:00:00,39.635,65.50583
7/16/2018 10:00:00,39.635,65.50567
7/16/2018 12:00:00,39.635,65.50567
7/16/2018 14:00:00,39.63217,65.50883
7/16/2018 16:00:00,39.625170000000004,65.49533000000001
7/16/2018 18:00:00,39.625170000000004,65.49517
7/16/2018 20:00:00,39.625170000000004,65.49517
7/16/2018 22:00:00,39.625170000000004,65.49533000000001
7/17/2018 0:00:00,39.6395,65.49983
7/17/2018 2:00:00,39.646,65.5065
7/17/2018 4:00:00,39.644,65.50466999999999
7/18/2018 18:00:00,39.63617,65.49133
7/18/2018 20:00:00,39.63617,65.49117
7/18/2018 22:00:00,39.63617,65.49117
7/19/2018 12:00:00,39.635,65.50567
7/19/2018 14:00:00,39.633,65.507
7/19/2018 16:00:00,39.638000000000005,65.50483
7/20/2018 12:00:00,39.64583,65.4995
7/20/2018 14:00:00,39.64333,65.50216999999999
7/20/2018 16:00:00,39.6365,65.50717
7/20/2018 18:00:00,39.64267,65.499
7/20/2018 20:00:00,39.64533,65.49916999999999
7/20/2018 22:00:00,39.64533,65.49916999999999
7/21/2018 0:00:00,39.64717,65.5065
7/21/2018 2:00:00,39.64017,65.5035
7/21/2018 4:00:00,39.635999999999996,65.50583
7/22/2018 6:00:00,39.635,65.50583
7/22/2018 8:00:00,39.635999999999996,65.50583
7/22/2018 10:00:00,39.635999999999996,65.50583
7/22/2018 18:00:00,39.63967,65.494
7/22/2018 20:00:00,39.6375,65.4915
7/22/2018 22:00:00,39.635,65.49233000000001
7/23/2018 0:00:00,39.633829999999996,65.49433
7/23/2018 2:00:00,39.6385,65.5005
7/23/2018 4:00:00,39.635999999999996,65.50583
7/23/2018 6:00:00,39.635329999999996,65.50633
7/23/2018 8:00:00,39.635329999999996,65.50633
7/23/2018 10:00:00,39.635,65.5055
7/23/2018 12:00:00,39.635,65.50533
7/23/2018 14:00:00,39.63483,65.50583
7/23/2018 16:00:00,39.639,65.50783
7/23/2018 18:00:00,39.63817,65.49667
7/23/2018 20:00:00,39.631,65.486
7/23/2018 22:00:00,39.6315,65.48767
7/24/2018 0:00:00,39.6325,65.48366999999999
7/24/2018 2:00:00,39.63183,65.4935
7/24/2018 4:00:00,39.63067,65.49600000000001
7/24/2018 6:00:00,39.6295,65.49683
7/24/2018 8:00:00,39.6295,65.49683
7/24/2018 10:00:00,39.6295,65.49683
7/24/2018 12:00:00,39.629329999999996,65.49683
7/24/2018 14:00:00,39.62767,65.49633
7/24/2018 16:00:00,39.632329999999996,65.49367
7/24/2018 18:00:00,39.63133,65.483
7/24/2018 20:00:00,39.63067,65.48567
7/24/2018 22:00:00,39.6325,65.48467
7/25/2018 0:00:00,39.629329999999996,65.487
7/25/2018 2:00:00,39.630829999999996,65.49217
7/25/2018 4:00:00,39.628170000000004,65.488
7/25/2018 6:00:00,39.627829999999996,65.4875
7/25/2018 8:00:00,39.62733,65.48716999999999
7/25/2018 10:00:00,39.627829999999996,65.48767
7/25/2018 12:00:00,39.62717,65.48733
7/25/2018 14:00:00,39.62617,65.4915
7/25/2018 16:00:00,39.631,65.48033000000001
7/25/2018 18:00:00,39.63,65.47433000000001
7/25/2018 20:00:00,39.63033,65.469
7/25/2018 22:00:00,39.629,65.46817
7/26/2018 12:00:00,39.62717,65.47816999999999
7/26/2018 14:00:00,39.6215,65.488
7/26/2018 16:00:00,39.6245,65.48317
7/28/2018 0:00:00,39.63217,65.49083
7/28/2018 2:00:00,39.63317,65.49583
7/28/2018 4:00:00,39.6295,65.49967
7/28/2018 12:00:00,39.62833,65.47883
7/28/2018 14:00:00,39.62267,65.4785
7/28/2018 16:00:00,39.626329999999996,65.4735
7/28/2018 18:00:00,39.63033,65.467
7/28/2018 20:00:00,39.629,65.47017
7/28/2018 22:00:00,39.63283,65.48683
7/29/2018 0:00:00,39.63317,65.48733
7/29/2018 2:00:00,39.627829999999996,65.49367
7/29/2018 4:00:00,39.62567,65.48217
7/29/2018 6:00:00,39.62567,65.48217
7/29/2018 8:00:00,39.62583,65.48183
7/29/2018 10:00:00,39.62583,65.48183
7/29/2018 12:00:00,39.62583,65.48183
7/29/2018 14:00:00,39.624,65.48283
7/29/2018 16:00:00,39.6185,65.48716999999999
7/29/2018 18:00:00,39.622170000000004,65.48217
7/29/2018 20:00:00,39.631170000000004,65.4845
7/29/2018 22:00:00,39.632329999999996,65.48416999999999
7/30/2018 0:00:00,39.6305,65.47017
7/30/2018 2:00:00,39.627829999999996,65.46783
7/30/2018 4:00:00,39.6295,65.47216999999999
7/30/2018 6:00:00,39.6295,65.47216999999999
7/30/2018 8:00:00,39.6295,65.47216999999999
7/30/2018 10:00:00,39.629670000000004,65.47216999999999
7/30/2018 12:00:00,39.6295,65.47233
7/30/2018 14:00:00,39.630829999999996,65.471
7/30/2018 16:00:00,39.629,65.47233
7/31/2018 0:00:00,39.6305,65.46916999999999
7/31/2018 2:00:00,39.625,65.4665
7/31/2018 4:00:00,39.623329999999996,65.4675
7/31/2018 6:00:00,39.62283,65.46683
7/31/2018 8:00:00,39.622,65.4705
7/31/2018 10:00:00,39.622,65.4705
7/31/2018 12:00:00,39.622,65.47067
7/31/2018 14:00:00,39.6215,65.47567
7/31/2018 16:00:00,39.62683,65.472
7/31/2018 18:00:00,39.62683,65.472
7/31/2018 20:00:00,39.6275,65.47516999999999
7/31/2018 22:00:00,39.6265,65.47267
8/1/2018 0:00:00,39.62733,65.4705
8/1/2018 2:00:00,39.622170000000004,65.46533000000001
8/1/2018 4:00:00,39.622170000000004,65.46217
8/1/2018 6:00:00,39.62267,65.46283000000001
8/1/2018 8:00:00,39.62267,65.46283000000001
8/1/2018 10:00:00,39.6225,65.46300000000001
8/1/2018 12:00:00,39.6225,65.46183
8/1/2018 14:00:00,39.625,65.45483
8/1/2018 16:00:00,39.630829999999996,65.46417
8/1/2018 18:00:00,39.630829999999996,65.46417
8/1/2018 20:00:00,39.629670000000004,65.467
8/1/2018 22:00:00,39.629329999999996,65.468
8/2/2018 0:00:00,39.629,65.46283000000001
8/2/2018 2:00:00,39.626999999999995,65.45883
8/2/2018 4:00:00,39.624829999999996,65.471
8/2/2018 6:00:00,39.62467,65.47433000000001
8/2/2018 8:00:00,39.62467,65.47433000000001
8/2/2018 10:00:00,39.62467,65.47433000000001
8/2/2018 12:00:00,39.6245,65.47433000000001
8/2/2018 14:00:00,39.618829999999996,65.47933
8/2/2018 16:00:00,39.6265,65.47367
8/2/2018 18:00:00,39.6265,65.47367
8/2/2018 20:00:00,39.62683,65.473
8/2/2018 22:00:00,39.626670000000004,65.47383
8/3/2018 0:00:00,39.629670000000004,65.47083
8/3/2018 2:00:00,39.6285,65.47333
8/3/2018 4:00:00,39.6225,65.471
8/3/2018 6:00:00,39.6225,65.471
8/3/2018 8:00:00,39.6225,65.471
8/3/2018 10:00:00,39.623670000000004,65.46783
8/3/2018 12:00:00,39.623670000000004,65.46783
8/3/2018 14:00:00,39.62717,65.46683
8/3/2018 16:00:00,39.626670000000004,65.46983
8/3/2018 18:00:00,39.6265,65.47
8/3/2018 20:00:00,39.62683,65.47
8/3/2018 22:00:00,39.626670000000004,65.47
8/4/2018 18:00:00,39.63883,65.46783
8/4/2018 20:00:00,39.64,65.46933
8/4/2018 22:00:00,39.629670000000004,65.467
8/5/2018 0:00:00,39.628,65.47117
8/5/2018 2:00:00,39.626999999999995,65.45533
8/5/2018 4:00:00,39.62433,65.45983000000001
8/5/2018 12:00:00,39.6245,65.46033
8/5/2018 14:00:00,39.626670000000004,65.45933000000001
8/5/2018 16:00:00,39.633,65.46583000000001
8/5/2018 18:00:00,39.633,65.46583000000001
8/5/2018 20:00:00,39.629670000000004,65.467
8/5/2018 22:00:00,39.628170000000004,65.4725
8/6/2018 0:00:00,39.62883,65.4835
8/6/2018 2:00:00,39.63067,65.49183000000001
8/6/2018 4:00:00,39.62583,65.46183
8/6/2018 6:00:00,39.62583,65.46183
8/6/2018 8:00:00,39.626,65.46167
8/6/2018 10:00:00,39.62617,65.46183
8/6/2018 18:00:00,39.62767,65.4645
8/6/2018 20:00:00,39.62767,65.4645
8/6/2018 22:00:00,39.62767,65.4645
8/7/2018 6:00:00,39.62117,65.495
8/7/2018 8:00:00,39.620329999999996,65.49266999999999
8/7/2018 10:00:00,39.6195,65.49316999999999
8/7/2018 12:00:00,39.61933,65.49183000000001
8/7/2018 14:00:00,39.62283,65.4905
8/7/2018 16:00:00,39.623670000000004,65.48767
8/7/2018 18:00:00,39.6235,65.48733
8/7/2018 20:00:00,39.620670000000004,65.486
8/7/2018 22:00:00,39.62083,65.48617
8/8/2018 0:00:00,39.62917,65.49283
8/8/2018 2:00:00,39.625170000000004,65.48533
8/8/2018 4:00:00,39.62433,65.48899999999999
8/8/2018 6:00:00,39.62467,65.488
8/8/2018 8:00:00,39.62467,65.48817
8/8/2018 10:00:00,39.62467,65.48817
8/8/2018 12:00:00,39.62467,65.48817
8/9/2018 6:00:00,39.6245,65.46033
8/9/2018 8:00:00,39.6245,65.46033
8/9/2018 10:00:00,39.623329999999996,65.46183
8/9/2018 12:00:00,39.623329999999996,65.46183
8/9/2018 14:00:00,39.61967,65.467
8/9/2018 16:00:00,39.6145,65.48100000000001
8/10/2018 0:00:00,39.61483,65.484
8/10/2018 2:00:00,39.62233,65.46866999999999
8/10/2018 4:00:00,39.6245,65.46033
8/11/2018 0:00:00,39.621829999999996,65.4625
8/11/2018 2:00:00,39.62583,65.45817
8/11/2018 4:00:00,39.6245,65.46033
8/11/2018 18:00:00,39.62867,65.4625
8/11/2018 20:00:00,39.62867,65.4625
8/11/2018 22:00:00,39.62867,65.4625
8/12/2018 0:00:00,39.628170000000004,65.46616999999999
8/12/2018 2:00:00,39.631,65.49167
8/12/2018 4:00:00,39.62133,65.4875
8/12/2018 12:00:00,39.62567,65.48283
8/12/2018 14:00:00,39.6215,65.494
8/12/2018 16:00:00,39.62767,65.50733000000001
8/12/2018 18:00:00,39.62767,65.50733000000001
8/12/2018 20:00:00,39.62767,65.50733000000001
8/12/2018 22:00:00,39.62767,65.50733000000001
8/13/2018 18:00:00,39.5975,65.46367
8/13/2018 20:00:00,39.5975,65.46367
8/13/2018 22:00:00,39.5975,65.46367
8/14/2018 0:00:00,39.61183,65.4745
8/14/2018 2:00:00,39.625170000000004,65.50333
8/14/2018 4:00:00,39.62317,65.49
8/14/2018 6:00:00,39.62467,65.48817
8/14/2018 8:00:00,39.62467,65.48817
8/14/2018 10:00:00,39.62467,65.48716999999999
8/14/2018 12:00:00,39.62467,65.48716999999999
8/14/2018 18:00:00,39.6215,65.48066999999999
8/14/2018 20:00:00,39.6215,65.48066999999999
8/14/2018 22:00:00,39.6215,65.48066999999999
8/15/2018 0:00:00,39.623329999999996,65.48083000000001
8/15/2018 2:00:00,39.623329999999996,65.4985
8/15/2018 4:00:00,39.62267,65.485
8/15/2018 6:00:00,39.62317,65.48433
8/15/2018 8:00:00,39.6235,65.4845
8/15/2018 10:00:00,39.6235,65.4845
8/15/2018 12:00:00,39.6235,65.4845
8/15/2018 14:00:00,39.6215,65.494
8/15/2018 16:00:00,39.626999999999995,65.4875
8/15/2018 18:00:00,39.626999999999995,65.4875
8/15/2018 20:00:00,39.626999999999995,65.4875
8/15/2018 22:00:00,39.62417,65.483
8/16/2018 12:00:00,39.62467,65.48817
8/16/2018 14:00:00,39.622,65.4905
8/16/2018 16:00:00,39.623000000000005,65.4805
8/16/2018 18:00:00,39.623000000000005,65.48066999999999
8/16/2018 20:00:00,39.623000000000005,65.48066999999999
8/16/2018 22:00:00,39.623000000000005,65.4805
8/17/2018 6:00:00,39.62117,65.47483000000001
8/17/2018 8:00:00,39.62117,65.475
8/17/2018 10:00:00,39.62117,65.475
8/17/2018 12:00:00,39.62133,65.475
8/17/2018 14:00:00,39.622170000000004,65.4765
8/17/2018 16:00:00,39.611,65.47483000000001
8/17/2018 18:00:00,39.611,65.47267
8/17/2018 20:00:00,39.611,65.47267
8/17/2018 22:00:00,39.611,65.47267
8/18/2018 0:00:00,39.61067,65.47166999999999
8/18/2018 2:00:00,39.6045,65.46600000000001
8/18/2018 4:00:00,39.608000000000004,65.46817
8/18/2018 6:00:00,39.60733,65.46733
8/18/2018 8:00:00,39.60683,65.46817
8/18/2018 10:00:00,39.607,65.46733
8/18/2018 12:00:00,39.608000000000004,65.46583000000001
8/18/2018 14:00:00,39.60417,65.46283000000001
8/18/2018 16:00:00,39.60483,65.45767
8/18/2018 18:00:00,39.605,65.4635
8/18/2018 20:00:00,39.605,65.4635
8/18/2018 22:00:00,39.60533,65.4625
8/19/2018 0:00:00,39.60533,65.4625
8/19/2018 2:00:00,39.6085,65.471
8/19/2018 4:00:00,39.608670000000004,65.47133000000001
8/19/2018 6:00:00,39.60667,65.46616999999999
8/19/2018 8:00:00,39.60667,65.46583000000001
8/19/2018 10:00:00,39.6065,65.46566999999999
8/19/2018 12:00:00,39.60767,65.45983000000001
8/19/2018 14:00:00,39.608670000000004,65.46767
8/19/2018 16:00:00,39.60633,65.47133000000001
8/19/2018 18:00:00,39.60433,65.4715
8/19/2018 20:00:00,39.60433,65.47183000000001
8/19/2018 22:00:00,39.60433,65.47183000000001
8/20/2018 0:00:00,39.6045,65.473
8/20/2018 2:00:00,39.60617,65.484
8/20/2018 4:00:00,39.60567,65.475
8/20/2018 6:00:00,39.60617,65.4715
8/20/2018 8:00:00,39.607,65.47233
8/20/2018 10:00:00,39.60933,65.47383
8/21/2018 0:00:00,39.5935,65.48583
8/21/2018 2:00:00,39.604,65.48533
8/21/2018 4:00:00,39.60267,65.48083000000001
8/21/2018 6:00:00,39.60467,65.47883
8/21/2018 8:00:00,39.6075,65.47733000000001
8/21/2018 10:00:00,39.60567,65.4765
8/21/2018 12:00:00,39.605,65.47667
8/21/2018 14:00:00,39.60683,65.46467
8/21/2018 16:00:00,39.61033,65.46417
8/21/2018 18:00:00,39.60783,65.46866999999999
8/21/2018 20:00:00,39.6095,65.469
8/21/2018 22:00:00,39.60933,65.469
8/22/2018 0:00:00,39.60933,65.469
8/22/2018 2:00:00,39.60383,65.47816999999999
8/22/2018 4:00:00,39.60633,65.47733000000001
8/22/2018 12:00:00,39.61033,65.47166999999999
8/22/2018 14:00:00,39.617329999999995,65.47017
8/22/2018 16:00:00,39.62383,65.45883
8/23/2018 6:00:00,39.6085,65.4815
8/23/2018 8:00:00,39.60783,65.48267
8/23/2018 10:00:00,39.61,65.48333000000001
8/23/2018 12:00:00,39.60883,65.48167
8/23/2018 14:00:00,39.60083,65.47933
8/23/2018 16:00:00,39.601,65.46883000000001
8/23/2018 18:00:00,39.624,65.458
8/23/2018 20:00:00,39.6275,65.468
8/23/2018 22:00:00,39.629,65.47233
8/24/2018 0:00:00,39.62917,65.47233
8/24/2018 2:00:00,39.628,65.47117
8/24/2018 4:00:00,39.6205,65.47317
8/24/2018 6:00:00,39.61067,65.47333
8/24/2018 8:00:00,39.61067,65.47367
8/24/2018 10:00:00,39.61,65.4745
8/24/2018 18:00:00,39.62617,65.47333
8/24/2018 20:00:00,39.628170000000004,65.472
8/24/2018 22:00:00,39.628170000000004,65.47166999999999
8/25/2018 0:00:00,39.628,65.472
8/25/2018 2:00:00,39.62317,65.4735
8/25/2018 4:00:00,39.613170000000004,65.48033000000001
8/25/2018 6:00:00,39.61,65.47917
8/25/2018 8:00:00,39.60967,65.47917
8/25/2018 10:00:00,39.611,65.47883
8/25/2018 12:00:00,39.60883,65.475
8/25/2018 14:00:00,39.6075,65.47683
8/25/2018 16:00:00,39.60767,65.47867
8/25/2018 18:00:00,39.626,65.4735
8/25/2018 20:00:00,39.628,65.472
8/25/2018 22:00:00,39.628170000000004,65.47233
8/26/2018 0:00:00,39.628,65.47183000000001
8/26/2018 2:00:00,39.61083,65.48083000000001
8/26/2018 4:00:00,39.61,65.4785
8/26/2018 6:00:00,39.6095,65.479
8/26/2018 8:00:00,39.6095,65.47883
8/26/2018 10:00:00,39.6095,65.47883
8/26/2018 18:00:00,39.62767,65.472
8/26/2018 20:00:00,39.6275,65.47233
8/26/2018 22:00:00,39.62767,65.4715
8/27/2018 0:00:00,39.60717,65.47617
8/27/2018 2:00:00,39.60667,65.47766999999999
8/27/2018 4:00:00,39.6075,65.47967
8/27/2018 6:00:00,39.60917,65.47733000000001
8/27/2018 8:00:00,39.60917,65.47733000000001
8/27/2018 10:00:00,39.60933,65.47733000000001
8/27/2018 12:00:00,39.60917,65.47583
8/27/2018 14:00:00,39.60933,65.476
8/27/2018 16:00:00,39.62117,65.475
8/27/2018 18:00:00,39.6265,65.47583
8/27/2018 20:00:00,39.62533,65.47466999999999
8/27/2018 22:00:00,39.607,65.4715
8/28/2018 0:00:00,39.607,65.47033
8/28/2018 2:00:00,39.60217,65.46767
8/28/2018 4:00:00,39.6035,65.46033
8/28/2018 6:00:00,39.60117,65.46067
8/28/2018 8:00:00,39.602,65.46067
8/28/2018 10:00:00,39.602,65.46067
8/28/2018 18:00:00,39.6065,65.47017
8/28/2018 20:00:00,39.60683,65.4675
8/28/2018 22:00:00,39.6035,65.46616999999999
8/29/2018 0:00:00,39.60333,65.468
8/29/2018 2:00:00,39.6065,65.46117
8/29/2018 4:00:00,39.60417,65.46217
8/29/2018 6:00:00,39.6035,65.46033
8/29/2018 8:00:00,39.6035,65.46033
8/29/2018 10:00:00,39.60283,65.45983000000001
8/30/2018 0:00:00,39.60733,65.472
8/30/2018 2:00:00,39.60517,65.46167
8/30/2018 4:00:00,39.60283,65.46283000000001
8/30/2018 6:00:00,39.603,65.46217
8/30/2018 8:00:00,39.60217,65.461
8/30/2018 10:00:00,39.6015,65.46083
8/30/2018 12:00:00,39.60417,65.46183
8/30/2018 14:00:00,39.608000000000004,65.46717
8/30/2018 16:00:00,39.60617,65.47166999999999
8/31/2018 12:00:00,39.60017,65.45767
8/31/2018 14:00:00,39.595,65.45617
8/31/2018 16:00:00,39.59967,65.46033
8/31/2018 18:00:00,39.59967,65.46033
8/31/2018 20:00:00,39.602,65.4645
8/31/2018 22:00:00,39.60967,65.46583000000001
9/1/2018 0:00:00,39.59967,65.46616999999999
9/1/2018 2:00:00,39.60567,65.4695
9/1/2018 4:00:00,39.60133,65.46033
9/1/2018 6:00:00,39.602,65.46033
9/1/2018 8:00:00,39.60133,65.45917
9/1/2018 10:00:00,39.60167,65.459
9/1/2018 12:00:00,39.60217,65.46367
9/1/2018 14:00:00,39.59583,65.4725
9/1/2018 16:00:00,39.592,65.47283
9/1/2018 18:00:00,39.59183,65.473
9/1/2018 20:00:00,39.592,65.47283
9/1/2018 22:00:00,39.59217,65.46967
9/2/2018 6:00:00,39.60317,65.47883
9/2/2018 8:00:00,39.60317,65.47883
9/2/2018 10:00:00,39.60333,65.47816999999999
9/2/2018 12:00:00,39.60333,65.47833
9/2/2018 14:00:00,39.60267,65.47583
9/2/2018 16:00:00,39.60917,65.47317
9/2/2018 18:00:00,39.60917,65.47317
9/2/2018 20:00:00,39.60917,65.47317
9/2/2018 22:00:00,39.62433,65.46717
9/3/2018 0:00:00,39.62433,65.458
9/3/2018 2:00:00,39.58817,65.46316999999999
9/3/2018 4:00:00,39.5825,65.46367
9/3/2018 6:00:00,39.59233,65.45783
9/3/2018 8:00:00,39.59317,65.45683000000001
9/3/2018 10:00:00,39.59317,65.45683000000001
9/3/2018 12:00:00,39.59483,65.456
9/3/2018 14:00:00,39.60833,65.45517
9/3/2018 16:00:00,39.61667,65.45366999999999
9/3/2018 18:00:00,39.61667,65.45366999999999
9/3/2018 20:00:00,39.6165,65.4535
9/3/2018 22:00:00,39.61683,65.45366999999999
9/4/2018 0:00:00,39.61683,65.45333000000001
9/4/2018 2:00:00,39.6215,65.44633
9/4/2018 4:00:00,39.61333,65.43916999999999
9/4/2018 6:00:00,39.614000000000004,65.437
9/4/2018 8:00:00,39.614670000000004,65.43733
9/4/2018 10:00:00,39.614670000000004,65.43733
9/4/2018 12:00:00,39.61367,65.437
9/4/2018 14:00:00,39.61033,65.44216999999999
9/4/2018 16:00:00,39.62583,65.44917
9/4/2018 18:00:00,39.62467,65.44667
9/4/2018 20:00:00,39.62467,65.44667
9/4/2018 22:00:00,39.62467,65.44667
9/5/2018 0:00:00,39.6245,65.4465
9/5/2018 2:00:00,39.617,65.43467
9/5/2018 4:00:00,39.626,65.45517
9/5/2018 6:00:00,39.61783,65.45067
9/5/2018 8:00:00,39.61783,65.45017
9/5/2018 10:00:00,39.617670000000004,65.45017
9/5/2018 12:00:00,39.61633,65.45
9/5/2018 14:00:00,39.60483,65.4265
9/5/2018 16:00:00,39.60967,65.42733
9/6/2018 6:00:00,39.617,65.446
9/6/2018 8:00:00,39.617,65.446
9/6/2018 10:00:00,39.61667,65.44516999999999
9/6/2018 12:00:00,39.6165,65.44533
9/6/2018 14:00:00,39.62417,65.45783
9/6/2018 16:00:00,39.62433,65.4615
9/6/2018 18:00:00,39.62433,65.4615
9/6/2018 20:00:00,39.624829999999996,65.46117
9/6/2018 22:00:00,39.624829999999996,65.46117
9/7/2018 0:00:00,39.623000000000005,65.46316999999999
9/7/2018 2:00:00,39.621,65.461
9/7/2018 4:00:00,39.6125,65.45733
9/7/2018 6:00:00,39.617329999999995,65.45966999999999
9/7/2018 8:00:00,39.6185,65.45983000000001
9/7/2018 10:00:00,39.61867,65.45983000000001
9/7/2018 12:00:00,39.618829999999996,65.45783
9/7/2018 14:00:00,39.6255,65.45867
9/7/2018 16:00:00,39.629329999999996,65.46067
9/7/2018 18:00:00,39.629329999999996,65.46067
9/7/2018 20:00:00,39.629329999999996,65.46067
9/7/2018 22:00:00,39.629329999999996,65.46067
9/8/2018 0:00:00,39.629329999999996,65.46067
9/8/2018 2:00:00,39.6305,65.465
9/8/2018 4:00:00,39.62733,65.46566999999999
9/8/2018 6:00:00,39.626999999999995,65.46316999999999
9/8/2018 8:00:00,39.62683,65.46283000000001
9/8/2018 10:00:00,39.62683,65.46283000000001
9/8/2018 12:00:00,39.62683,65.46233000000001
9/8/2018 14:00:00,39.63067,65.46117
9/8/2018 16:00:00,39.63017,65.452
9/8/2018 18:00:00,39.63017,65.45217
9/8/2018 20:00:00,39.63017,65.45217
9/8/2018 22:00:00,39.63017,65.45217
9/9/2018 6:00:00,39.626999999999995,65.46367
9/9/2018 8:00:00,39.626999999999995,65.4635
9/9/2018 10:00:00,39.62683,65.46283000000001
9/9/2018 12:00:00,39.626,65.46483
9/9/2018 14:00:00,39.6265,65.4735
9/9/2018 16:00:00,39.63,65.459
9/9/2018 18:00:00,39.63,65.459
9/9/2018 20:00:00,39.62983,65.45883
9/9/2018 22:00:00,39.63,65.459
9/10/2018 0:00:00,39.63,65.45883
9/10/2018 2:00:00,39.631170000000004,65.46683
9/10/2018 4:00:00,39.62683,65.47
9/10/2018 6:00:00,39.62233,65.47083
9/10/2018 8:00:00,39.621829999999996,65.47067
9/10/2018 10:00:00,39.621829999999996,65.47067
9/10/2018 12:00:00,39.621829999999996,65.47017
9/10/2018 14:00:00,39.626,65.45983000000001
9/10/2018 16:00:00,39.62767,65.458
9/10/2018 18:00:00,39.62767,65.458
9/10/2018 20:00:00,39.62767,65.458
9/10/2018 22:00:00,39.62767,65.458
9/11/2018 0:00:00,39.62767,65.45783
9/11/2018 2:00:00,39.63317,65.46316999999999
9/11/2018 4:00:00,39.62233,65.47017
9/11/2018 6:00:00,39.623670000000004,65.46933
9/11/2018 8:00:00,39.623670000000004,65.46967
9/11/2018 10:00:00,39.62383,65.46967
9/11/2018 12:00:00,39.62383,65.46983
9/11/2018 14:00:00,39.63033,65.46266999999999
9/11/2018 16:00:00,39.631170000000004,65.45833
9/11/2018 18:00:00,39.632,65.45783
9/11/2018 20:00:00,39.632,65.45783
9/11/2018 22:00:00,39.632,65.45783
9/12/2018 12:00:00,39.632,65.4685
9/12/2018 14:00:00,39.6275,65.46083
9/12/2018 16:00:00,39.62617,65.46
9/13/2018 0:00:00,39.62017,65.46217
9/13/2018 2:00:00,39.607,65.46583000000001
9/13/2018 4:00:00,39.618829999999996,65.45933000000001
9/13/2018 18:00:00,39.61567,65.46717
9/13/2018 20:00:00,39.61567,65.46717
9/13/2018 22:00:00,39.61567,65.46717
9/14/2018 0:00:00,39.61567,65.46717
9/14/2018 2:00:00,39.61867,65.45783
9/14/2018 4:00:00,39.6145,65.45583
9/14/2018 6:00:00,39.617670000000004,65.4595
9/14/2018 8:00:00,39.6185,65.45933000000001
9/14/2018 10:00:00,39.618829999999996,65.45867
9/15/2018 6:00:00,39.60717,65.44933
9/15/2018 8:00:00,39.608670000000004,65.45133
9/15/2018 10:00:00,39.60883,65.452
9/15/2018 18:00:00,39.631170000000004,65.4585
9/15/2018 20:00:00,39.631170000000004,65.45833
9/15/2018 22:00:00,39.631170000000004,65.4585
9/16/2018 0:00:00,39.63133,65.4585
9/16/2018 2:00:00,39.62267,65.45817
9/16/2018 4:00:00,39.6235,65.46367
9/16/2018 6:00:00,39.62083,65.46283000000001
9/16/2018 8:00:00,39.6205,65.46266999999999
9/16/2018 10:00:00,39.620670000000004,65.46283000000001
9/16/2018 12:00:00,39.6215,65.46067
9/16/2018 14:00:00,39.62533,65.455
9/16/2018 16:00:00,39.6225,65.467
9/16/2018 18:00:00,39.62233,65.46767
9/16/2018 20:00:00,39.622170000000004,65.46733
9/16/2018 22:00:00,39.62167,65.467
9/18/2018 6:00:00,39.635329999999996,65.47166999999999
9/18/2018 8:00:00,39.63667,65.47283
9/18/2018 10:00:00,39.637,65.47216999999999
9/18/2018 18:00:00,39.653,65.4805
9/18/2018 20:00:00,39.65267,65.48033000000001
9/18/2018 22:00:00,39.65267,65.48033000000001
9/19/2018 0:00:00,39.65267,65.48033000000001
9/19/2018 2:00:00,39.64517,65.47367
9/19/2018 4:00:00,39.62017,65.464
9/19/2018 6:00:00,39.62,65.46333
9/19/2018 8:00:00,39.62017,65.46367
9/19/2018 10:00:00,39.62017,65.46367
9/19/2018 18:00:00,39.65083,65.4745
9/19/2018 20:00:00,39.65017,65.47766999999999
9/19/2018 22:00:00,39.65,65.47766999999999
9/20/2018 6:00:00,39.64683,65.49517
9/20/2018 8:00:00,39.6465,65.494
9/20/2018 10:00:00,39.6465,65.494
9/20/2018 12:00:00,39.64683,65.49383
9/20/2018 14:00:00,39.6535,65.48583
9/20/2018 16:00:00,39.646,65.47717
9/20/2018 18:00:00,39.6405,65.47417
9/20/2018 20:00:00,39.63817,65.46866999999999
9/20/2018 22:00:00,39.63817,65.468
9/21/2018 0:00:00,39.63817,65.468
9/21/2018 2:00:00,39.62567,65.46
9/21/2018 4:00:00,39.6305,65.45833
9/22/2018 6:00:00,39.62267,65.46033
9/22/2018 8:00:00,39.62267,65.46033
9/22/2018 10:00:00,39.6225,65.46083
9/22/2018 12:00:00,39.6225,65.46067
9/22/2018 14:00:00,39.624,65.458
9/22/2018 16:00:00,39.638329999999996,65.46817
9/22/2018 18:00:00,39.638329999999996,65.46833000000001
9/22/2018 20:00:00,39.64217,65.47267
9/22/2018 22:00:00,39.6405,65.46833000000001
9/23/2018 0:00:00,39.64,65.46767
9/23/2018 2:00:00,39.64483,65.46883000000001
9/23/2018 4:00:00,39.635999999999996,65.4685
9/23/2018 6:00:00,39.634,65.468
9/23/2018 8:00:00,39.634170000000005,65.468
9/23/2018 10:00:00,39.635,65.4675
9/24/2018 0:00:00,39.637,65.4685
9/24/2018 2:00:00,39.639829999999996,65.46433
9/24/2018 4:00:00,39.63967,65.46433
9/24/2018 12:00:00,39.63917,65.46616999999999
9/24/2018 14:00:00,39.6425,65.47117
9/24/2018 16:00:00,39.641999999999996,65.47216999999999
9/24/2018 18:00:00,39.64167,65.47117
9/24/2018 20:00:00,39.64533,65.47967
9/24/2018 22:00:00,39.65117,65.47883
9/25/2018 0:00:00,39.652,65.48
9/25/2018 2:00:00,39.64867,65.46783
9/25/2018 4:00:00,39.622170000000004,65.44866999999999
9/25/2018 6:00:00,39.622170000000004,65.44866999999999
9/25/2018 8:00:00,39.622170000000004,65.449
9/25/2018 10:00:00,39.62417,65.4495
9/25/2018 12:00:00,39.6265,65.44833
9/25/2018 14:00:00,39.6265,65.45233
9/25/2018 16:00:00,39.64733,65.4765
9/25/2018 18:00:00,39.65267,65.48633000000001
9/25/2018 20:00:00,39.650999999999996,65.47617
9/25/2018 22:00:00,39.65167,65.47516999999999
9/26/2018 0:00:00,39.65183,65.47983
9/26/2018 2:00:00,39.652,65.47833
9/26/2018 4:00:00,39.652,65.47833
9/26/2018 6:00:00,39.652,65.4785
9/26/2018 8:00:00,39.652,65.4785
9/26/2018 10:00:00,39.652,65.4785
9/26/2018 12:00:00,39.65217,65.4785
9/26/2018 14:00:00,39.65183,65.4795
9/26/2018 16:00:00,39.65183,65.47917
9/27/2018 0:00:00,39.63817,65.46783
9/27/2018 2:00:00,39.63967,65.46583000000001
9/27/2018 4:00:00,39.639829999999996,65.46583000000001
9/28/2018 6:00:00,39.619,65.4615
9/28/2018 8:00:00,39.6195,65.46167
9/28/2018 10:00:00,39.6195,65.4615
9/28/2018 12:00:00,39.61967,65.46183
9/28/2018 14:00:00,39.62383,65.468
9/28/2018 16:00:00,39.624,65.4695
9/28/2018 18:00:00,39.629329999999996,65.46316999999999
9/28/2018 20:00:00,39.64117,65.46967
9/28/2018 22:00:00,39.647,65.47166999999999
9/29/2018 0:00:00,39.65167,65.47567
9/29/2018 2:00:00,39.630829999999996,65.46117
9/29/2018 4:00:00,39.62767,65.46
9/29/2018 6:00:00,39.62767,65.46
9/29/2018 8:00:00,39.62733,65.46033
9/29/2018 10:00:00,39.6275,65.4605
9/29/2018 12:00:00,39.6275,65.46283000000001
9/29/2018 14:00:00,39.62983,65.46316999999999
9/29/2018 16:00:00,39.62983,65.46316999999999
9/30/2018 6:00:00,39.63317,65.46633
9/30/2018 8:00:00,39.63317,65.46616999999999
9/30/2018 10:00:00,39.6315,65.46566999999999
9/30/2018 18:00:00,39.63017,65.45217
9/30/2018 20:00:00,39.629329999999996,65.4525
9/30/2018 22:00:00,39.63217,65.45933000000001
10/1/2018 0:00:00,39.629329999999996,65.46167
10/1/2018 2:00:00,39.62583,65.46016999999999
10/1/2018 4:00:00,39.62617,65.45933000000001
10/1/2018 6:00:00,39.62583,65.459
10/1/2018 8:00:00,39.625170000000004,65.459
10/1/2018 10:00:00,39.625,65.458
10/1/2018 12:00:00,39.6235,65.45783
10/1/2018 14:00:00,39.62867,65.45783
10/1/2018 16:00:00,39.62917,65.45817
10/2/2018 12:00:00,39.626670000000004,65.44816999999999
10/2/2018 14:00:00,39.63033,65.458
10/2/2018 16:00:00,39.63033,65.458
10/2/2018 18:00:00,39.63033,65.458
10/2/2018 20:00:00,39.63033,65.458
10/2/2018 22:00:00,39.63167,65.45883
10/3/2018 0:00:00,39.63017,65.4615
10/3/2018 2:00:00,39.62833,65.46
10/3/2018 4:00:00,39.62833,65.46016999999999
10/3/2018 6:00:00,39.627829999999996,65.46033
10/3/2018 8:00:00,39.6265,65.46033
10/3/2018 10:00:00,39.62433,65.45917
10/3/2018 12:00:00,39.622,65.45666999999999
10/3/2018 14:00:00,39.6305,65.4585
10/3/2018 16:00:00,39.6305,65.4585
10/3/2018 18:00:00,39.6305,65.4585
10/3/2018 20:00:00,39.6305,65.4585
10/3/2018 22:00:00,39.63067,65.45867
10/4/2018 0:00:00,39.631170000000004,65.46033
10/4/2018 2:00:00,39.62883,65.45966999999999
10/4/2018 4:00:00,39.62883,65.45966999999999
10/4/2018 6:00:00,39.627829999999996,65.4585
10/4/2018 8:00:00,39.624829999999996,65.45933000000001
10/4/2018 10:00:00,39.6235,65.45933000000001
10/4/2018 12:00:00,39.62617,65.46016999999999
10/4/2018 14:00:00,39.62267,65.46916999999999
10/4/2018 16:00:00,39.62233,65.469
10/4/2018 18:00:00,39.62233,65.469
10/4/2018 20:00:00,39.62233,65.469
10/4/2018 22:00:00,39.62233,65.469
10/5/2018 0:00:00,39.6225,65.46883000000001
10/5/2018 2:00:00,39.62767,65.45966999999999
10/5/2018 4:00:00,39.62733,65.461
10/5/2018 6:00:00,39.62717,65.46117
10/5/2018 8:00:00,39.62433,65.464
10/5/2018 10:00:00,39.624,65.46367
10/5/2018 18:00:00,39.61717,65.46533000000001
10/5/2018 20:00:00,39.61717,65.4655
10/5/2018 22:00:00,39.61717,65.46533000000001
10/6/2018 6:00:00,39.61333,65.45183
10/6/2018 8:00:00,39.6175,65.44833
10/6/2018 10:00:00,39.61867,65.44917
10/6/2018 12:00:00,39.6185,65.44967
10/6/2018 14:00:00,39.617329999999995,65.43517
10/6/2018 16:00:00,39.6175,65.434
10/6/2018 18:00:00,39.6175,65.434
10/6/2018 20:00:00,39.6175,65.434
10/6/2018 22:00:00,39.6175,65.434
10/7/2018 0:00:00,39.6175,65.43417
10/7/2018 6:00:00,39.6105,65.43033
10/7/2018 8:00:00,39.6105,65.43417
10/7/2018 10:00:00,39.6105,65.43417
10/7/2018 12:00:00,39.6135,65.419
10/7/2018 14:00:00,39.62433,65.413
10/7/2018 16:00:00,39.624,65.41283
10/7/2018 18:00:00,39.624,65.41283
10/7/2018 20:00:00,39.623670000000004,65.40616999999999
10/7/2018 22:00:00,39.623670000000004,65.40616999999999
10/8/2018 0:00:00,39.623670000000004,65.40616999999999
10/8/2018 2:00:00,39.6265,65.41367
10/8/2018 4:00:00,39.62617,65.41367
10/8/2018 6:00:00,39.626,65.41566999999999
10/8/2018 8:00:00,39.62617,65.41566999999999
10/8/2018 10:00:00,39.624829999999996,65.40267
10/8/2018 12:00:00,39.6185,65.40100000000001
10/8/2018 14:00:00,39.6185,65.40633000000001
10/8/2018 16:00:00,39.29817,64.16717
10/9/2018 0:00:00,39.29833,64.16683
10/9/2018 2:00:00,39.2985,64.1665
10/9/2018 4:00:00,39.2985,64.16667
10/9/2018 6:00:00,39.29783,64.1675
10/9/2018 8:00:00,39.29783,64.16683
10/9/2018 10:00:00,39.301,64.168
10/9/2018 12:00:00,39.301829999999995,64.16816999999999
10/9/2018 14:00:00,39.3005,64.168
10/9/2018 16:00:00,39.29183,64.109
10/10/2018 0:00:00,39.29183,64.109
10/10/2018 2:00:00,39.29183,64.10916999999999
10/10/2018 4:00:00,39.29183,64.10916999999999
10/10/2018 6:00:00,39.29217,64.1095
10/10/2018 8:00:00,39.29167,64.11
10/10/2018 10:00:00,39.29267,64.11399999999999
10/10/2018 12:00:00,39.29217,64.11399999999999
10/10/2018 14:00:00,39.29083,64.11417
10/10/2018 16:00:00,39.05567,63.4495
10/10/2018 18:00:00,38.65133,62.49117
10/10/2018 20:00:00,38.65133,62.49117
10/10/2018 22:00:00,38.65133,62.49117
10/11/2018 0:00:00,38.65133,62.49117
10/11/2018 2:00:00,38.65233,62.4925
10/11/2018 4:00:00,38.65233,62.4925
10/12/2018 12:00:00,38.64067,62.501169999999995
10/12/2018 14:00:00,38.639829999999996,62.497
10/12/2018 16:00:00,38.639829999999996,62.497
10/12/2018 18:00:00,38.639829999999996,62.497
10/12/2018 20:00:00,38.63967,62.497
10/12/2018 22:00:00,38.639829999999996,62.497
10/13/2018 0:00:00,38.639829999999996,62.497
10/13/2018 2:00:00,38.6425,62.49166999999999
10/13/2018 4:00:00,38.641999999999996,62.4915
10/13/2018 12:00:00,38.6375,62.48283000000001
10/13/2018 14:00:00,38.5975,62.46066999999999
10/13/2018 16:00:00,37.67583,61.87733000000001
10/13/2018 18:00:00,36.799,61.04
10/13/2018 20:00:00,35.90383,60.266999999999996
10/13/2018 22:00:00,35.885670000000005,60.21167
10/14/2018 0:00:00,35.885670000000005,60.21167
10/14/2018 2:00:00,35.885999999999996,60.212669999999996
10/14/2018 4:00:00,35.885999999999996,60.212669999999996
10/14/2018 18:00:00,35.006,59.28783000000001
10/14/2018 20:00:00,35.0055,59.28767
10/14/2018 22:00:00,35.006,59.28783000000001
10/15/2018 0:00:00,35.006,59.28783000000001
10/15/2018 2:00:00,35.00633,59.288169999999994
10/15/2018 4:00:00,35.00633,59.288169999999994
10/15/2018 6:00:00,35.00633,59.28833
10/15/2018 8:00:00,35.006,59.2855
10/15/2018 10:00:00,35.006,59.2855
10/15/2018 12:00:00,35.00533,59.288999999999994
10/15/2018 14:00:00,35.009,59.291830000000004
10/15/2018 16:00:00,34.93083,59.218999999999994
10/15/2018 18:00:00,34.8035,59.126830000000005
10/15/2018 20:00:00,34.8035,59.126830000000005
10/15/2018 22:00:00,34.8035,59.126999999999995
10/16/2018 0:00:00,34.8035,59.126830000000005
10/16/2018 2:00:00,34.80317,59.1265
10/16/2018 4:00:00,34.80317,59.12667
10/16/2018 6:00:00,34.80233,59.12583000000001
10/16/2018 8:00:00,34.80117,59.12433000000001
10/16/2018 10:00:00,34.79883,59.1225
10/16/2018 12:00:00,34.7965,59.118669999999995
10/16/2018 14:00:00,34.79667,59.11883
10/16/2018 16:00:00,33.9115,58.84117
10/16/2018 18:00:00,32.78433,58.085330000000006
10/16/2018 20:00:00,32.6365,57.98117
10/16/2018 22:00:00,32.6365,57.98133000000001
10/17/2018 0:00:00,32.6365,57.98117
10/17/2018 2:00:00,32.63583,57.98183
10/17/2018 4:00:00,32.635999999999996,57.9815
10/17/2018 6:00:00,32.635999999999996,57.9815
10/17/2018 8:00:00,32.63617,57.98133000000001
10/17/2018 10:00:00,32.638000000000005,57.98117
10/17/2018 12:00:00,32.63817,57.980830000000005
10/17/2018 14:00:00,32.63817,57.980830000000005
10/17/2018 16:00:00,31.701829999999998,57.821999999999996
10/18/2018 6:00:00,29.675,57.5855
10/18/2018 8:00:00,29.6745,57.58566999999999
10/18/2018 10:00:00,29.66883,57.587830000000004
10/18/2018 18:00:00,29.666999999999998,57.587669999999996
10/18/2018 20:00:00,29.666999999999998,57.587669999999996
10/18/2018 22:00:00,29.666999999999998,57.587669999999996
10/19/2018 0:00:00,29.666999999999998,57.587669999999996
10/19/2018 2:00:00,29.666999999999998,57.587830000000004
10/19/2018 4:00:00,29.666999999999998,57.587830000000004
10/19/2018 6:00:00,29.6665,57.588
10/19/2018 8:00:00,29.66217,57.58667
10/19/2018 10:00:00,29.66067,57.586000000000006
10/19/2018 12:00:00,29.65833,57.58416999999999
10/19/2018 14:00:00,29.6565,57.58367
10/19/2018 16:00:00,29.6565,57.58367
10/19/2018 18:00:00,29.6565,57.58367
10/19/2018 20:00:00,29.6565,57.58367
10/19/2018 22:00:00,29.6565,57.58367
10/20/2018 0:00:00,29.6565,57.58367
10/20/2018 2:00:00,29.65617,57.583999999999996
10/20/2018 4:00:00,29.65617,57.583999999999996
10/20/2018 18:00:00,29.662329999999997,57.584669999999996
10/20/2018 20:00:00,29.662,57.583830000000006
10/20/2018 22:00:00,29.662,57.583999999999996
10/21/2018 0:00:00,29.662,57.583830000000006
10/21/2018 2:00:00,29.662,57.583830000000006
10/21/2018 4:00:00,29.662,57.583999999999996
10/22/2018 6:00:00,29.66483,57.58067
10/22/2018 8:00:00,29.6685,57.58
10/22/2018 10:00:00,29.6705,57.5795
10/22/2018 12:00:00,29.67533,57.580830000000006
10/22/2018 14:00:00,29.6755,57.5775
10/22/2018 16:00:00,29.674,57.5765
10/22/2018 18:00:00,29.67383,57.57733
10/22/2018 20:00:00,29.67383,57.573330000000006
10/22/2018 22:00:00,29.674,57.57283
10/23/2018 0:00:00,29.67383,57.572669999999995
10/23/2018 2:00:00,29.67383,57.575669999999995
10/23/2018 4:00:00,29.67383,57.576
10/23/2018 6:00:00,29.67267,57.57366999999999
10/23/2018 8:00:00,29.66583,57.570330000000006
10/23/2018 10:00:00,29.655829999999998,57.579330000000006
10/24/2018 6:00:00,29.62717,57.584830000000004
10/24/2018 8:00:00,29.62483,57.58367
10/24/2018 10:00:00,29.62817,57.585330000000006
10/24/2018 12:00:00,29.63133,57.5875
10/24/2018 14:00:00,29.63717,57.590830000000004
10/24/2018 16:00:00,29.63733,57.590830000000004
10/24/2018 18:00:00,29.63733,57.591
10/24/2018 20:00:00,29.63733,57.591
10/24/2018 22:00:00,29.63733,57.591
10/25/2018 0:00:00,29.63767,57.590830000000004
10/25/2018 2:00:00,29.63733,57.5905
10/25/2018 4:00:00,29.63683,57.590669999999996
10/25/2018 6:00:00,29.6345,57.59016999999999
10/25/2018 8:00:00,29.63267,57.59016999999999
10/25/2018 10:00:00,29.636,57.59267
10/25/2018 12:00:00,29.6395,57.59433000000001
10/25/2018 14:00:00,29.6505,57.59733000000001
10/25/2018 16:00:00,29.65033,57.59733000000001
10/25/2018 18:00:00,29.6505,57.59733000000001
10/25/2018 20:00:00,29.65033,57.59733000000001
10/25/2018 22:00:00,29.6505,57.59733000000001
10/26/2018 0:00:00,29.656999999999996,57.59183
10/26/2018 2:00:00,29.67,57.57983
10/26/2018 4:00:00,29.67,57.5785
10/26/2018 6:00:00,29.669829999999997,57.57899999999999
10/26/2018 8:00:00,29.67117,57.57899999999999
10/26/2018 10:00:00,29.673000000000002,57.57899999999999
10/26/2018 12:00:00,29.67367,57.57983
10/26/2018 14:00:00,29.6745,57.579330000000006
10/26/2018 16:00:00,29.6745,57.5795
10/26/2018 18:00:00,29.6745,57.579330000000006
10/26/2018 20:00:00,29.6745,57.579330000000006
10/26/2018 22:00:00,29.6745,57.579330000000006
10/27/2018 0:00:00,29.6745,57.579330000000006
10/27/2018 2:00:00,29.6735,57.57883
10/27/2018 4:00:00,29.673170000000002,57.57899999999999
10/27/2018 6:00:00,29.67333,57.579330000000006
10/27/2018 8:00:00,29.67367,57.57983
10/27/2018 10:00:00,29.67633,57.581830000000004
10/27/2018 12:00:00,29.668329999999997,57.58
10/27/2018 14:00:00,29.6635,57.577830000000006
10/27/2018 16:00:00,29.6635,57.577830000000006
10/27/2018 18:00:00,29.66367,57.57816999999999
10/27/2018 20:00:00,29.6625,57.57899999999999
10/27/2018 22:00:00,29.6625,57.57899999999999
10/28/2018 0:00:00,29.6625,57.57899999999999
10/28/2018 2:00:00,29.663,57.57966999999999
10/28/2018 4:00:00,29.66333,57.580330000000004
10/28/2018 12:00:00,29.66817,57.584669999999996
10/28/2018 14:00:00,29.67333,57.586000000000006
10/28/2018 16:00:00,29.67333,57.586000000000006
10/28/2018 18:00:00,29.67333,57.586169999999996
10/28/2018 20:00:00,29.67333,57.586000000000006
10/28/2018 22:00:00,29.671,57.586999999999996
10/29/2018 0:00:00,29.66783,57.587830000000004
10/29/2018 2:00:00,29.66733,57.588
10/29/2018 4:00:00,29.66783,57.588
10/29/2018 6:00:00,29.663829999999997,57.58733
10/29/2018 8:00:00,29.664,57.58667
10/29/2018 10:00:00,29.662329999999997,57.580330000000004
10/29/2018 12:00:00,29.666829999999997,57.581830000000004
10/29/2018 14:00:00,29.65633,57.581669999999995
10/29/2018 16:00:00,29.65633,57.581830000000004
10/29/2018 18:00:00,29.65633,57.581830000000004
10/29/2018 20:00:00,29.65633,57.581830000000004
10/29/2018 22:00:00,29.65633,57.581830000000004
10/30/2018 6:00:00,29.647,57.57767
10/30/2018 8:00:00,29.64733,57.578
10/30/2018 10:00:00,29.654329999999998,57.58217
10/30/2018 12:00:00,29.6595,57.58517
10/30/2018 14:00:00,29.65683,57.5855
10/30/2018 16:00:00,29.65683,57.5855
10/30/2018 18:00:00,29.65683,57.5855
10/30/2018 20:00:00,29.65683,57.5855
10/30/2018 22:00:00,29.65683,57.5855
10/31/2018 0:00:00,29.65683,57.5855
10/31/2018 2:00:00,29.65683,57.58517
10/31/2018 4:00:00,29.65833,57.58433
10/31/2018 6:00:00,29.6585,57.5845
10/31/2018 8:00:00,29.6565,57.58266999999999
10/31/2018 10:00:00,29.651670000000003,57.58
10/31/2018 12:00:00,29.65567,57.57899999999999
10/31/2018 14:00:00,29.658,57.580169999999995
10/31/2018 16:00:00,29.658,57.580169999999995
10/31/2018 18:00:00,29.658,57.580169999999995
10/31/2018 20:00:00,29.658,57.580169999999995
10/31/2018 22:00:00,29.658,57.580169999999995
11/1/2018 6:00:00,29.661170000000002,57.58
11/1/2018 8:00:00,29.6645,57.5795
11/1/2018 10:00:00,29.668329999999997,57.5805
11/1/2018 12:00:00,29.66967,57.58
11/1/2018 14:00:00,29.670170000000002,57.580830000000006
11/1/2018 16:00:00,29.67033,57.5805
11/1/2018 18:00:00,29.67033,57.5805
11/1/2018 20:00:00,29.67033,57.5805
11/1/2018 22:00:00,29.67033,57.5805
11/2/2018 0:00:00,29.67033,57.5805
11/2/2018 2:00:00,29.67183,57.57883
11/2/2018 4:00:00,29.67267,57.578669999999995
11/2/2018 6:00:00,29.673170000000002,57.57899999999999
11/2/2018 8:00:00,29.674670000000003,57.57917
11/2/2018 10:00:00,29.671999999999997,57.577830000000006
11/2/2018 12:00:00,29.668000000000003,57.57083000000001
11/2/2018 14:00:00,29.665329999999997,57.57066999999999
11/2/2018 16:00:00,29.665329999999997,57.57066999999999
11/2/2018 18:00:00,29.665329999999997,57.57083000000001
11/2/2018 20:00:00,29.665329999999997,57.57066999999999
11/2/2018 22:00:00,29.665329999999997,57.57066999999999
11/3/2018 0:00:00,29.665329999999997,57.57066999999999
11/3/2018 2:00:00,29.665329999999997,57.56916999999999
11/3/2018 4:00:00,29.665,57.568000000000005
11/3/2018 12:00:00,29.6665,57.5595
11/3/2018 14:00:00,29.66517,57.559830000000005
11/3/2018 16:00:00,28.623,57.22833000000001
11/3/2018 18:00:00,28.6175,57.214330000000004
11/3/2018 20:00:00,28.6175,57.2145
11/3/2018 22:00:00,28.615,57.215830000000004
11/4/2018 0:00:00,28.615170000000003,57.215669999999996
11/4/2018 2:00:00,28.61567,57.21516999999999
11/4/2018 4:00:00,28.61617,57.21516999999999
11/4/2018 6:00:00,28.61617,57.21516999999999
11/4/2018 8:00:00,28.617829999999998,57.214330000000004
11/4/2018 10:00:00,28.618170000000003,57.2145
11/4/2018 12:00:00,28.620829999999998,57.21467
11/4/2018 14:00:00,28.6225,57.21066999999999
11/4/2018 16:00:00,28.6225,57.21066999999999
11/4/2018 18:00:00,28.622329999999998,57.211330000000004
11/4/2018 20:00:00,28.622329999999998,57.21066999999999
11/4/2018 22:00:00,28.622329999999998,57.2105
11/5/2018 0:00:00,28.622329999999998,57.21066999999999
11/5/2018 2:00:00,28.6225,57.21066999999999
11/5/2018 4:00:00,28.6225,57.2105
11/5/2018 12:00:00,28.62483,57.21083
11/5/2018 14:00:00,28.624670000000002,57.21083
11/5/2018 16:00:00,28.6245,57.211000000000006
11/5/2018 18:00:00,28.6245,57.211000000000006
11/5/2018 20:00:00,28.6245,57.211000000000006
11/5/2018 22:00:00,28.6245,57.211000000000006
11/6/2018 0:00:00,28.623,57.208830000000006
11/6/2018 2:00:00,28.62333,57.20916999999999
11/6/2018 6:00:00,28.623829999999998,57.2085
11/6/2018 8:00:00,28.623829999999998,57.20867
11/6/2018 10:00:00,28.6245,57.209669999999996
11/6/2018 12:00:00,28.62333,57.2095
11/6/2018 14:00:00,28.62267,57.21017
11/6/2018 16:00:00,28.62267,57.21017
11/6/2018 18:00:00,28.62267,57.21017
11/6/2018 20:00:00,28.62267,57.21017
11/6/2018 22:00:00,28.32467,56.938669999999995
11/7/2018 0:00:00,28.0485,56.4505
11/7/2018 2:00:00,28.069000000000003,56.43017
11/7/2018 4:00:00,28.069000000000003,56.43017
11/7/2018 6:00:00,28.06917,56.429669999999994
11/7/2018 8:00:00,28.06883,56.42933000000001
11/7/2018 10:00:00,28.0685,56.427
11/7/2018 18:00:00,27.79617,56.45233
11/7/2018 20:00:00,27.6745,56.71066999999999
11/7/2018 22:00:00,27.69783,57.06399999999999
11/8/2018 0:00:00,27.698,57.06417
11/8/2018 2:00:00,27.693,57.065830000000005
11/8/2018 4:00:00,27.69267,57.0655
11/8/2018 12:00:00,27.69933,57.06383
11/8/2018 14:00:00,27.6995,57.07133
11/8/2018 16:00:00,27.81717,57.913999999999994
11/9/2018 0:00:00,27.81717,57.913999999999994
11/9/2018 2:00:00,27.8215,57.912330000000004
11/9/2018 4:00:00,27.82167,57.9125
11/9/2018 18:00:00,28.01517,58.14917
11/9/2018 20:00:00,28.01517,58.14917
11/9/2018 22:00:00,28.01517,58.14917
11/10/2018 0:00:00,28.01517,58.14917
11/10/2018 2:00:00,28.018,58.151830000000004
11/10/2018 4:00:00,28.0215,58.1515
11/10/2018 6:00:00,28.026670000000003,58.153330000000004
11/10/2018 8:00:00,28.02717,58.153830000000006
11/10/2018 10:00:00,28.0295,58.153830000000006
11/10/2018 12:00:00,28.042170000000002,58.160830000000004
11/10/2018 14:00:00,28.04617,58.1765
11/10/2018 16:00:00,28.0465,58.17766999999999
11/11/2018 6:00:00,28.1225,58.248830000000005
11/11/2018 8:00:00,28.125,58.25083000000001
11/11/2018 10:00:00,28.12567,58.251169999999995
11/11/2018 12:00:00,28.126170000000002,58.251169999999995
11/11/2018 14:00:00,28.12583,58.253
11/11/2018 16:00:00,28.1255,58.25317
11/11/2018 18:00:00,28.1255,58.25317
11/11/2018 20:00:00,28.1255,58.25317
11/11/2018 22:00:00,28.1255,58.25317
11/12/2018 6:00:00,28.12967,58.255
11/12/2018 8:00:00,28.126170000000002,58.252669999999995
11/12/2018 10:00:00,28.1265,58.2515
11/12/2018 12:00:00,28.127670000000002,58.251999999999995
11/12/2018 14:00:00,28.125999999999998,58.25283
11/12/2018 16:00:00,28.125999999999998,58.25283
11/12/2018 18:00:00,28.125999999999998,58.25283
11/12/2018 20:00:00,28.125999999999998,58.253
11/12/2018 22:00:00,28.125999999999998,58.25283
11/13/2018 12:00:00,28.12483,58.25083000000001
11/13/2018 14:00:00,28.125329999999998,58.253
11/13/2018 16:00:00,28.1255,58.25317
11/13/2018 18:00:00,28.1255,58.25317
11/13/2018 20:00:00,28.1255,58.25317
11/13/2018 22:00:00,28.1255,58.25317
11/14/2018 6:00:00,28.125329999999998,58.24933000000001
11/14/2018 8:00:00,28.12367,58.251000000000005
11/14/2018 10:00:00,28.12283,58.251169999999995
11/14/2018 12:00:00,28.12183,58.251999999999995
11/14/2018 14:00:00,28.1195,58.25467
11/14/2018 16:00:00,28.119329999999998,58.25467
11/14/2018 18:00:00,28.119329999999998,58.25467
11/14/2018 20:00:00,28.119329999999998,58.25467
11/14/2018 22:00:00,28.1195,58.25467
11/15/2018 6:00:00,28.12033,58.253
11/15/2018 8:00:00,28.1195,58.2565
11/15/2018 10:00:00,28.12,58.25617
11/15/2018 12:00:00,28.12367,58.25617
11/15/2018 14:00:00,28.12517,58.26033
11/15/2018 16:00:00,28.12367,58.2615
11/15/2018 18:00:00,28.12367,58.2615
11/15/2018 20:00:00,28.12367,58.2615
11/15/2018 22:00:00,28.12367,58.2615
11/16/2018 0:00:00,28.12367,58.2615
11/16/2018 2:00:00,28.12583,58.25883
11/16/2018 4:00:00,28.12583,58.2595
11/16/2018 6:00:00,28.12583,58.2595
11/16/2018 8:00:00,28.128,58.2605
11/16/2018 10:00:00,28.12717,58.2625
11/16/2018 12:00:00,28.1325,58.25083000000001
11/16/2018 14:00:00,28.14217,58.26183
11/16/2018 16:00:00,28.145,58.27016999999999
11/17/2018 6:00:00,28.15383,58.27616999999999
11/17/2018 8:00:00,28.15417,58.276
11/17/2018 10:00:00,28.15567,58.277
11/17/2018 12:00:00,28.158170000000002,58.27783
11/17/2018 14:00:00,28.148670000000003,58.276830000000004
11/17/2018 16:00:00,28.14517,58.316
11/17/2018 18:00:00,28.16167,58.3215
11/17/2018 20:00:00,28.164,58.32017
11/17/2018 22:00:00,28.164,58.32017
11/18/2018 0:00:00,28.164,58.32017
11/18/2018 2:00:00,28.144000000000002,58.275169999999996
11/18/2018 4:00:00,28.144170000000003,58.275169999999996
11/18/2018 6:00:00,28.14333,58.275169999999996
11/18/2018 8:00:00,28.14067,58.27417
11/18/2018 10:00:00,28.1375,58.273
11/18/2018 18:00:00,28.12067,58.235330000000005
11/18/2018 20:00:00,28.12283,58.23417
11/18/2018 22:00:00,28.12283,58.233999999999995
11/19/2018 0:00:00,28.12283,58.233999999999995
11/19/2018 2:00:00,28.12367,58.23716999999999
11/19/2018 4:00:00,28.124000000000002,58.23716999999999
11/19/2018 6:00:00,28.125,58.24016999999999
11/19/2018 8:00:00,28.125,58.2485
11/19/2018 10:00:00,28.13383,58.2565
11/19/2018 12:00:00,28.136999999999997,58.25767
11/19/2018 14:00:00,28.13733,58.2585
11/19/2018 16:00:00,28.13717,58.2615
11/19/2018 18:00:00,28.13833,58.262330000000006
11/19/2018 20:00:00,28.13717,58.262
11/19/2018 22:00:00,28.1375,58.263000000000005
11/20/2018 0:00:00,28.1375,58.263000000000005
11/20/2018 2:00:00,28.137829999999997,58.263169999999995
11/20/2018 4:00:00,28.137829999999997,58.263000000000005
11/20/2018 6:00:00,28.138,58.26566999999999
11/20/2018 8:00:00,28.13883,58.26483
11/20/2018 10:00:00,28.13867,58.26433000000001
11/20/2018 12:00:00,28.13867,58.26367
11/20/2018 14:00:00,28.139,58.26266999999999
11/20/2018 16:00:00,28.1395,58.263000000000005
11/20/2018 18:00:00,28.136999999999997,58.260169999999995
11/20/2018 20:00:00,28.13683,58.26
11/20/2018 22:00:00,28.14317,58.26583
11/21/2018 0:00:00,28.1445,58.266000000000005
11/21/2018 2:00:00,28.14217,58.26416999999999
11/21/2018 4:00:00,28.13883,58.26416999999999
11/21/2018 6:00:00,28.139,58.26367
11/21/2018 8:00:00,28.13867,58.26416999999999
11/21/2018 10:00:00,28.13883,58.26367
11/21/2018 12:00:00,28.13867,58.26416999999999
11/21/2018 14:00:00,28.13767,58.26067
11/21/2018 16:00:00,28.13717,58.26067
11/21/2018 18:00:00,28.13833,58.26217
11/21/2018 20:00:00,28.13883,58.26283000000001
11/21/2018 22:00:00,28.13767,58.2605
11/22/2018 0:00:00,28.1395,58.2625
11/22/2018 2:00:00,28.13883,58.26283000000001
11/22/2018 4:00:00,28.13917,58.26283000000001
11/22/2018 6:00:00,28.13917,58.26283000000001
11/22/2018 8:00:00,28.139,58.263000000000005
11/22/2018 10:00:00,28.1385,58.2645
11/22/2018 12:00:00,28.139,58.264669999999995
11/22/2018 14:00:00,28.13717,58.26116999999999
11/22/2018 16:00:00,28.1375,58.2595
11/23/2018 6:00:00,28.13983,58.263000000000005
11/23/2018 8:00:00,28.141170000000002,58.263000000000005
11/23/2018 10:00:00,28.141170000000002,58.263169999999995
11/24/2018 0:00:00,28.13467,58.258
11/24/2018 2:00:00,28.13533,58.258669999999995
11/24/2018 4:00:00,28.13433,58.2575
11/25/2018 6:00:00,28.1455,58.2615
11/25/2018 8:00:00,28.14517,58.26266999999999
11/25/2018 10:00:00,28.14483,58.26283000000001
11/25/2018 12:00:00,28.14517,58.26283000000001
11/25/2018 14:00:00,28.14467,58.26367
11/25/2018 16:00:00,28.14467,58.26367
11/25/2018 18:00:00,28.14367,58.26416999999999
11/25/2018 20:00:00,28.14467,58.2665
11/25/2018 22:00:00,28.143829999999998,58.2655
11/26/2018 0:00:00,28.13733,58.261669999999995
11/26/2018 2:00:00,28.1395,58.263000000000005
11/26/2018 4:00:00,28.13733,58.2615
11/26/2018 6:00:00,28.13717,58.2615
11/26/2018 8:00:00,28.136999999999997,58.26033
11/26/2018 10:00:00,28.136670000000002,58.25917
11/26/2018 12:00:00,28.136670000000002,58.25883
11/26/2018 14:00:00,28.131829999999997,58.2575
11/26/2018 16:00:00,28.10567,58.277330000000006
11/26/2018 18:00:00,28.12717,58.25216999999999
11/26/2018 20:00:00,28.1265,58.2535
11/26/2018 22:00:00,28.12633,58.253
11/27/2018 6:00:00,28.11917,58.24867
11/27/2018 8:00:00,28.11733,58.24616999999999
11/27/2018 10:00:00,28.116999999999997,58.245169999999995
11/27/2018 12:00:00,28.1235,58.248000000000005
11/27/2018 14:00:00,28.1235,58.245169999999995
11/27/2018 16:00:00,28.12333,58.24483000000001
11/27/2018 18:00:00,28.12333,58.245
11/27/2018 20:00:00,28.125,58.24916999999999
11/27/2018 22:00:00,28.126170000000002,58.25083000000001
11/28/2018 0:00:00,28.13233,58.25666999999999
11/28/2018 2:00:00,28.13917,58.254
11/28/2018 4:00:00,28.139,58.25317
11/29/2018 0:00:00,28.14617,58.26483
11/29/2018 2:00:00,28.14617,58.26266999999999
11/29/2018 4:00:00,28.147170000000003,58.263830000000006
11/29/2018 6:00:00,28.14733,58.263830000000006
11/29/2018 8:00:00,28.146829999999998,58.2635
11/29/2018 10:00:00,28.1475,58.26183
11/29/2018 12:00:00,28.14733,58.2615
11/29/2018 14:00:00,28.14667,58.26217
11/29/2018 16:00:00,28.14667,58.26217
11/29/2018 18:00:00,28.14667,58.26217
11/29/2018 20:00:00,28.14667,58.26217
11/29/2018 22:00:00,28.14667,58.26217
11/30/2018 0:00:00,28.14667,58.26217
11/30/2018 2:00:00,28.14733,58.26133000000001
11/30/2018 6:00:00,28.1475,58.261669999999995
11/30/2018 8:00:00,28.14733,58.2615
11/30/2018 10:00:00,28.14767,58.2615
12/1/2018 0:00:00,28.1445,58.26116999999999
12/1/2018 2:00:00,28.14633,58.26033
12/1/2018 4:00:00,28.1465,58.2605
12/1/2018 6:00:00,28.1465,58.2605
12/1/2018 8:00:00,28.146,58.26
12/1/2018 10:00:00,28.1465,58.25983000000001
12/1/2018 12:00:00,28.14633,58.2595
12/1/2018 14:00:00,28.14583,58.258669999999995
12/1/2018 16:00:00,28.14583,58.258669999999995
12/1/2018 18:00:00,28.14583,58.258669999999995
12/1/2018 20:00:00,28.14583,58.258669999999995
12/1/2018 22:00:00,28.14583,58.258669999999995
12/2/2018 0:00:00,28.14583,58.258669999999995
12/2/2018 2:00:00,28.1455,58.25883
12/2/2018 4:00:00,28.1455,58.25883
12/2/2018 6:00:00,28.14883,58.258669999999995
12/2/2018 8:00:00,28.14817,58.257169999999995
12/2/2018 10:00:00,28.148000000000003,58.25683000000001
12/2/2018 12:00:00,28.148000000000003,58.25583
12/2/2018 14:00:00,28.148329999999998,58.25516999999999
12/2/2018 16:00:00,28.148329999999998,58.25516999999999
12/2/2018 18:00:00,28.148329999999998,58.255
12/2/2018 20:00:00,28.148329999999998,58.25516999999999
12/2/2018 22:00:00,28.148329999999998,58.255
12/3/2018 0:00:00,28.148329999999998,58.25516999999999
12/3/2018 2:00:00,28.14817,58.2565
12/3/2018 4:00:00,28.148000000000003,58.256330000000005
12/3/2018 6:00:00,28.148000000000003,58.256330000000005
12/3/2018 8:00:00,28.148000000000003,58.25583
12/3/2018 10:00:00,28.14767,58.2545
12/3/2018 12:00:00,28.14733,58.2535
12/3/2018 14:00:00,28.1465,58.25216999999999
12/3/2018 16:00:00,28.1465,58.25216999999999
12/3/2018 18:00:00,28.1465,58.25216999999999
12/3/2018 20:00:00,28.14633,58.25216999999999
12/3/2018 22:00:00,28.1465,58.25216999999999
12/4/2018 0:00:00,28.1465,58.25216999999999
12/4/2018 2:00:00,28.1465,58.2525
12/4/2018 4:00:00,28.1475,58.2535
12/4/2018 6:00:00,28.1475,58.2535
12/4/2018 8:00:00,28.1475,58.25366999999999
12/4/2018 10:00:00,28.1475,58.25433
12/4/2018 12:00:00,28.14733,58.2535
12/5/2018 0:00:00,28.145,58.25383000000001
12/5/2018 2:00:00,28.14483,58.25467
12/5/2018 4:00:00,28.14733,58.253330000000005
12/5/2018 6:00:00,28.1475,58.2535
12/5/2018 8:00:00,28.147170000000003,58.253
12/5/2018 10:00:00,28.1465,58.25317
12/5/2018 12:00:00,28.14917,58.25433
12/5/2018 14:00:00,28.14517,58.255
12/5/2018 16:00:00,28.14517,58.25516999999999
12/5/2018 18:00:00,28.14517,58.25516999999999
12/5/2018 20:00:00,28.14517,58.25516999999999
12/5/2018 22:00:00,28.14517,58.255
12/6/2018 0:00:00,28.14517,58.255
12/6/2018 2:00:00,28.14483,58.254830000000005
12/6/2018 4:00:00,28.144000000000002,58.254
12/6/2018 6:00:00,28.144170000000003,58.254
12/6/2018 8:00:00,28.14283,58.25317
12/6/2018 10:00:00,28.14217,58.253
12/6/2018 12:00:00,28.140829999999998,58.248999999999995
12/6/2018 14:00:00,28.14283,58.25283
12/7/2018 6:00:00,28.14517,58.250330000000005
12/7/2018 8:00:00,28.1455,58.25133
12/7/2018 10:00:00,28.1455,58.251169999999995
12/7/2018 12:00:00,28.145329999999998,58.251000000000005
12/7/2018 14:00:00,28.1435,58.253330000000005
12/7/2018 16:00:00,28.1435,58.25317
12/7/2018 18:00:00,28.1435,58.253330000000005
12/7/2018 20:00:00,28.1435,58.25317
12/7/2018 22:00:00,28.1435,58.253330000000005
12/8/2018 0:00:00,28.1435,58.253330000000005
12/8/2018 2:00:00,28.1435,58.253330000000005
12/8/2018 4:00:00,28.143829999999998,58.254
12/8/2018 6:00:00,28.144170000000003,58.254169999999995
12/8/2018 8:00:00,28.14483,58.255669999999995
12/8/2018 10:00:00,28.146,58.257
12/8/2018 12:00:00,28.1465,58.25767
12/8/2018 14:00:00,28.145329999999998,58.257169999999995
12/8/2018 16:00:00,28.145329999999998,58.257169999999995
12/8/2018 18:00:00,28.145329999999998,58.257169999999995
12/8/2018 20:00:00,28.145329999999998,58.257169999999995
12/8/2018 22:00:00,28.145329999999998,58.257169999999995
12/9/2018 0:00:00,28.145329999999998,58.257169999999995
12/9/2018 2:00:00,28.145329999999998,58.257169999999995
12/9/2018 4:00:00,28.14583,58.257
12/9/2018 6:00:00,28.145670000000003,58.25683000000001
12/9/2018 8:00:00,28.14583,58.26
12/9/2018 10:00:00,28.147,58.260830000000006
12/9/2018 12:00:00,28.146829999999998,58.260830000000006
12/9/2018 14:00:00,28.145670000000003,58.258669999999995
12/9/2018 16:00:00,28.145670000000003,58.258669999999995
12/9/2018 18:00:00,28.145670000000003,58.258669999999995
12/9/2018 20:00:00,28.145670000000003,58.258669999999995
12/9/2018 22:00:00,28.145670000000003,58.2585
12/10/2018 0:00:00,28.145670000000003,58.258669999999995
12/10/2018 2:00:00,28.145670000000003,58.25883
12/10/2018 4:00:00,28.14617,58.260169999999995
12/10/2018 6:00:00,28.14667,58.2605
12/10/2018 8:00:00,28.14733,58.26033
12/10/2018 10:00:00,28.14733,58.2605
12/10/2018 12:00:00,28.14817,58.26116999999999
12/10/2018 14:00:00,28.148000000000003,58.262
12/10/2018 16:00:00,28.148000000000003,58.262
12/10/2018 18:00:00,28.148000000000003,58.26217
12/10/2018 20:00:00,28.148000000000003,58.26217
12/10/2018 22:00:00,28.148000000000003,58.26217
12/11/2018 0:00:00,28.148000000000003,58.26217
12/11/2018 2:00:00,28.14883,58.262
12/11/2018 4:00:00,28.1505,58.2625
12/11/2018 6:00:00,28.149829999999998,58.26217
12/11/2018 8:00:00,28.1485,58.26266999999999
12/11/2018 10:00:00,28.14817,58.2635
12/11/2018 12:00:00,28.148329999999998,58.26133000000001
12/11/2018 14:00:00,28.145670000000003,58.258669999999995
12/11/2018 16:00:00,28.145670000000003,58.258669999999995
12/12/2018 6:00:00,28.145,58.2585
12/12/2018 8:00:00,28.144000000000002,58.258
12/12/2018 10:00:00,28.14333,58.258
12/12/2018 12:00:00,28.144000000000002,58.25816999999999
12/12/2018 14:00:00,28.1455,58.2585
12/12/2018 16:00:00,28.14583,58.258669999999995
12/13/2018 6:00:00,28.14733,58.2535
12/13/2018 8:00:00,28.147170000000003,58.24933000000001
12/13/2018 10:00:00,28.144170000000003,58.24417
12/13/2018 12:00:00,28.14133,58.24016999999999
12/13/2018 14:00:00,28.136,58.238
12/13/2018 16:00:00,28.1305,58.23716999999999
12/13/2018 18:00:00,28.1305,58.23716999999999
12/13/2018 20:00:00,28.1305,58.23716999999999
12/13/2018 22:00:00,28.1305,58.23716999999999
12/14/2018 0:00:00,28.1305,58.23716999999999
12/14/2018 2:00:00,28.1305,58.23716999999999
12/14/2018 4:00:00,28.130670000000002,58.236169999999994
12/14/2018 6:00:00,28.1305,58.236169999999994
12/14/2018 8:00:00,28.1325,58.236000000000004
12/14/2018 10:00:00,28.13417,58.238
12/14/2018 12:00:00,28.13583,58.2405
12/14/2018 14:00:00,28.1335,58.23783
12/14/2018 16:00:00,28.13317,58.2375
12/14/2018 18:00:00,28.13317,58.2375
12/14/2018 20:00:00,28.13317,58.2375
12/14/2018 22:00:00,28.133329999999997,58.23716999999999
12/15/2018 0:00:00,28.13317,58.2375
12/15/2018 2:00:00,28.13317,58.2375
12/15/2018 4:00:00,28.133329999999997,58.23716999999999
12/15/2018 6:00:00,28.1335,58.23733000000001
12/15/2018 8:00:00,28.127670000000002,58.233830000000005
12/15/2018 10:00:00,28.123829999999998,58.232330000000005
12/15/2018 12:00:00,28.123,58.23183
12/15/2018 14:00:00,28.126170000000002,58.23267
12/15/2018 16:00:00,28.126170000000002,58.23267
12/15/2018 18:00:00,28.126170000000002,58.23267
12/15/2018 20:00:00,28.12633,58.2325
12/15/2018 22:00:00,28.126170000000002,58.2325
12/16/2018 0:00:00,28.126170000000002,58.23267
12/16/2018 2:00:00,28.126170000000002,58.23267
12/16/2018 4:00:00,28.12567,58.233169999999994
12/16/2018 6:00:00,28.12633,58.23483
12/16/2018 8:00:00,28.132170000000002,58.236000000000004
12/16/2018 10:00:00,28.13417,58.2375
12/16/2018 12:00:00,28.132170000000002,58.236000000000004
12/16/2018 14:00:00,28.13383,58.23633
12/16/2018 16:00:00,28.13383,58.23633
12/16/2018 18:00:00,28.13383,58.23633
12/16/2018 20:00:00,28.13383,58.23633
12/16/2018 22:00:00,28.13383,58.23633
12/17/2018 0:00:00,28.13383,58.23633
12/17/2018 2:00:00,28.13383,58.23633
12/17/2018 4:00:00,28.134829999999997,58.23783
12/17/2018 6:00:00,28.13417,58.236999999999995
12/17/2018 8:00:00,28.133670000000002,58.23733000000001
12/17/2018 10:00:00,28.13417,58.23716999999999
12/17/2018 12:00:00,28.13417,58.236999999999995
12/17/2018 14:00:00,28.130329999999997,58.23517
12/17/2018 16:00:00,28.1305,58.234669999999994
12/18/2018 6:00:00,28.13417,58.23716999999999
12/18/2018 8:00:00,28.13617,58.238330000000005
12/18/2018 10:00:00,28.13533,58.238
12/18/2018 12:00:00,28.133670000000002,58.237669999999994
12/18/2018 14:00:00,28.133670000000002,58.23633
12/18/2018 16:00:00,28.124000000000002,58.23283000000001
12/18/2018 18:00:00,28.12583,58.23267
12/18/2018 20:00:00,28.1255,58.2325
12/18/2018 22:00:00,28.12567,58.23283000000001
12/19/2018 0:00:00,28.126170000000002,58.233169999999994
12/19/2018 2:00:00,28.125999999999998,58.23333
12/19/2018 4:00:00,28.13017,58.2345
12/19/2018 6:00:00,28.132170000000002,58.236000000000004
12/19/2018 8:00:00,28.13417,58.238
12/19/2018 10:00:00,28.13467,58.2385
12/19/2018 12:00:00,28.13383,58.238
12/19/2018 14:00:00,28.13083,58.235330000000005
12/19/2018 16:00:00,28.125,58.232330000000005
12/19/2018 18:00:00,28.12367,58.23367
12/19/2018 20:00:00,28.12067,58.2285
12/19/2018 22:00:00,28.12167,58.228669999999994
12/20/2018 0:00:00,28.123,58.2305
12/20/2018 2:00:00,28.123,58.2305
12/20/2018 4:00:00,28.125329999999998,58.2325
12/20/2018 6:00:00,28.125999999999998,58.23283000000001
12/20/2018 8:00:00,28.12817,58.233830000000005
12/20/2018 10:00:00,28.13117,58.236999999999995
12/20/2018 12:00:00,28.13117,58.23733000000001
12/20/2018 14:00:00,28.12933,58.23517
12/20/2018 16:00:00,28.12933,58.23517
12/21/2018 0:00:00,28.13383,58.23633
12/21/2018 2:00:00,28.13383,58.23633
12/21/2018 4:00:00,28.134,58.23633
12/21/2018 6:00:00,28.13417,58.236999999999995
12/21/2018 8:00:00,28.12267,58.23117
12/21/2018 10:00:00,28.111829999999998,58.22083000000001
12/21/2018 12:00:00,28.112170000000003,58.222
12/21/2018 14:00:00,28.11383,58.2235
12/21/2018 16:00:00,28.11417,58.22367
12/21/2018 18:00:00,28.13867,58.23967
12/21/2018 20:00:00,28.143,58.24766999999999
12/21/2018 22:00:00,28.14283,58.24683
12/22/2018 0:00:00,28.141,58.24233
12/22/2018 2:00:00,28.14133,58.242169999999994
12/22/2018 4:00:00,28.1415,58.24016999999999
12/22/2018 6:00:00,28.14,58.23866999999999
12/22/2018 8:00:00,28.1455,58.24100000000001
12/22/2018 10:00:00,28.145670000000003,58.2415
12/22/2018 12:00:00,28.146,58.24233
12/22/2018 14:00:00,28.14633,58.24466999999999
12/22/2018 16:00:00,28.146,58.26433000000001
12/23/2018 6:00:00,28.121170000000003,58.248830000000005
12/23/2018 8:00:00,28.116999999999997,58.245830000000005
12/23/2018 10:00:00,28.122,58.24916999999999
12/23/2018 12:00:00,28.1245,58.251000000000005
12/23/2018 14:00:00,28.12417,58.251999999999995
12/23/2018 16:00:00,28.12417,58.251999999999995
12/23/2018 18:00:00,28.12417,58.251999999999995
12/23/2018 20:00:00,28.12367,58.251999999999995
12/23/2018 22:00:00,28.123829999999998,58.252669999999995
12/24/2018 0:00:00,28.12583,58.251169999999995
12/24/2018 2:00:00,28.12633,58.25133
12/24/2018 4:00:00,28.1265,58.2515
12/24/2018 6:00:00,28.1265,58.2515
12/24/2018 8:00:00,28.12983,58.253
12/24/2018 10:00:00,28.130670000000002,58.25366999999999
12/24/2018 12:00:00,28.130670000000002,58.25433
12/24/2018 14:00:00,28.129170000000002,58.252669999999995
12/24/2018 16:00:00,28.129170000000002,58.252669999999995
12/24/2018 18:00:00,28.129170000000002,58.252669999999995
12/24/2018 20:00:00,28.129170000000002,58.252669999999995
12/24/2018 22:00:00,28.129170000000002,58.252669999999995
12/25/2018 6:00:00,28.12817,58.25233000000001
12/25/2018 8:00:00,28.1275,58.251830000000005
12/25/2018 10:00:00,28.1275,58.251830000000005
12/25/2018 12:00:00,28.126170000000002,58.25133
12/25/2018 14:00:00,28.125329999999998,58.2515
12/25/2018 16:00:00,28.125329999999998,58.2515
12/25/2018 18:00:00,28.125329999999998,58.2515
12/25/2018 20:00:00,28.125329999999998,58.2515
12/25/2018 22:00:00,28.125329999999998,58.2515
12/26/2018 0:00:00,28.125329999999998,58.2515
12/26/2018 2:00:00,28.125329999999998,58.2515
12/26/2018 4:00:00,28.125329999999998,58.251000000000005
12/27/2018 0:00:00,28.12967,58.25317
12/27/2018 2:00:00,28.13,58.25317
12/27/2018 4:00:00,28.13017,58.2535
12/27/2018 6:00:00,28.130670000000002,58.254
12/27/2018 8:00:00,28.132170000000002,58.25433
12/27/2018 10:00:00,28.132170000000002,58.254830000000005
12/28/2018 0:00:00,28.13267,58.2555
12/28/2018 2:00:00,28.13267,58.2555
12/28/2018 4:00:00,28.13283,58.2555
12/28/2018 6:00:00,28.1325,58.254830000000005
12/28/2018 8:00:00,28.135,58.25583
12/28/2018 10:00:00,28.1355,58.2565
12/28/2018 12:00:00,28.1355,58.2565
12/28/2018 14:00:00,28.13617,58.256
12/28/2018 16:00:00,28.13617,58.256
12/29/2018 0:00:00,28.13617,58.25617
12/29/2018 2:00:00,28.136,58.25617
12/29/2018 4:00:00,28.13533,58.256330000000005
12/29/2018 6:00:00,28.1355,58.256330000000005
12/29/2018 8:00:00,28.13533,58.2565
12/29/2018 10:00:00,28.134829999999997,58.25666999999999
12/29/2018 12:00:00,28.133670000000002,58.256330000000005
12/29/2018 14:00:00,28.133329999999997,58.25583
12/29/2018 16:00:00,28.133329999999997,58.25583
12/29/2018 18:00:00,28.133329999999997,58.25583
12/29/2018 20:00:00,28.133329999999997,58.25583
12/29/2018 22:00:00,28.133329999999997,58.25583
12/30/2018 0:00:00,28.1335,58.25617
12/30/2018 2:00:00,28.133329999999997,58.256
12/30/2018 4:00:00,28.1345,58.25733
12/30/2018 6:00:00,28.1345,58.25733
12/30/2018 8:00:00,28.134829999999997,58.2575
12/30/2018 10:00:00,28.13533,58.25767
12/30/2018 18:00:00,28.13317,58.25583
12/30/2018 20:00:00,28.125,58.23283000000001
12/30/2018 22:00:00,28.125,58.23267
12/31/2018 6:00:00,28.12567,58.23267
12/31/2018 8:00:00,28.124670000000002,58.23267
12/31/2018 10:00:00,28.123170000000002,58.231669999999994
12/31/2018 12:00:00,28.122329999999998,58.231
12/31/2018 14:00:00,28.121170000000003,58.231
12/31/2018 16:00:00,28.121170000000003,58.231
12/31/2018 18:00:00,28.12133,58.23133000000001
12/31/2018 20:00:00,28.12133,58.23133000000001
12/31/2018 22:00:00,28.12133,58.23133000000001
1/1/2019 0:00:00,28.12133,58.23133000000001
1/1/2019 2:00:00,28.13017,58.25383000000001
1/1/2019 4:00:00,28.130670000000002,58.2545
1/1/2019 6:00:00,28.13083,58.254830000000005
1/1/2019 8:00:00,28.13117,58.25433
1/1/2019 10:00:00,28.1325,58.255
1/1/2019 12:00:00,28.12833,58.2525
1/1/2019 14:00:00,28.12667,58.254169999999995
1/1/2019 16:00:00,28.125999999999998,58.254169999999995
1/1/2019 18:00:00,28.125999999999998,58.25433
1/1/2019 20:00:00,28.125999999999998,58.254169999999995
1/1/2019 22:00:00,28.125999999999998,58.254169999999995
1/2/2019 0:00:00,28.125999999999998,58.254169999999995
1/2/2019 2:00:00,28.125999999999998,58.254169999999995
1/2/2019 4:00:00,28.1275,58.25516999999999
1/2/2019 18:00:00,28.129,58.260169999999995
1/2/2019 20:00:00,28.129,58.260169999999995
1/2/2019 22:00:00,28.129,58.260169999999995
1/3/2019 0:00:00,28.129,58.260169999999995
1/3/2019 2:00:00,28.129,58.260169999999995
1/3/2019 4:00:00,28.12833,58.26
1/3/2019 12:00:00,28.130670000000002,58.26067
1/3/2019 14:00:00,28.13167,58.26133000000001
1/3/2019 16:00:00,28.13167,58.26133000000001
1/3/2019 18:00:00,28.13167,58.26116999999999
1/3/2019 20:00:00,28.13167,58.26116999999999
1/3/2019 22:00:00,28.13167,58.26116999999999
1/4/2019 6:00:00,28.13117,58.260830000000006
1/4/2019 8:00:00,28.13167,58.263169999999995
1/4/2019 10:00:00,28.1325,58.2635
1/4/2019 12:00:00,28.13267,58.263830000000006
1/4/2019 14:00:00,28.135170000000002,58.265
1/4/2019 16:00:00,28.135170000000002,58.265
1/4/2019 18:00:00,28.135170000000002,58.265
1/4/2019 20:00:00,28.135170000000002,58.265
1/4/2019 22:00:00,28.135170000000002,58.26483
1/5/2019 0:00:00,28.135170000000002,58.265
1/5/2019 2:00:00,28.2805,58.227669999999996
1/5/2019 4:00:00,28.2805,58.227669999999996
1/5/2019 6:00:00,28.2805,58.227669999999996
1/5/2019 8:00:00,28.28033,58.227830000000004
1/5/2019 10:00:00,28.279329999999998,58.229169999999996
1/5/2019 12:00:00,28.27567,58.23033
1/5/2019 14:00:00,28.2745,58.2295
1/5/2019 16:00:00,28.2745,58.22967
1/5/2019 18:00:00,28.2745,58.22967
1/5/2019 20:00:00,28.2745,58.22967
1/5/2019 22:00:00,28.103,58.307669999999995
1/6/2019 0:00:00,28.103,58.307669999999995
1/6/2019 2:00:00,28.103170000000002,58.307669999999995
1/6/2019 4:00:00,28.107329999999997,58.2455
1/6/2019 6:00:00,28.10817,58.246
1/6/2019 8:00:00,28.110329999999998,58.24717
1/6/2019 10:00:00,28.11267,58.2465
1/6/2019 12:00:00,28.11017,58.245
1/6/2019 14:00:00,28.110670000000002,58.244330000000005
1/6/2019 16:00:00,28.110670000000002,58.244330000000005
1/6/2019 18:00:00,28.110670000000002,58.244330000000005
1/6/2019 20:00:00,28.10983,58.2415
1/6/2019 22:00:00,28.10983,58.2415
1/7/2019 0:00:00,28.11,58.2415
1/7/2019 2:00:00,28.10983,58.2415
1/7/2019 4:00:00,28.111829999999998,58.239
1/7/2019 6:00:00,28.1125,58.23967
1/7/2019 8:00:00,28.11383,58.24033000000001
1/7/2019 10:00:00,28.11617,58.241330000000005
1/7/2019 12:00:00,28.1165,58.24166999999999
1/7/2019 14:00:00,28.116670000000003,58.240669999999994
1/7/2019 16:00:00,28.1155,58.23883000000001
1/8/2019 0:00:00,28.11567,58.23883000000001
1/8/2019 2:00:00,28.1155,58.239
1/8/2019 4:00:00,28.114,58.238
1/8/2019 6:00:00,28.1135,58.23817
1/8/2019 8:00:00,28.1115,58.237669999999994
1/8/2019 10:00:00,28.11167,58.239
1/8/2019 12:00:00,28.1125,58.23967
1/8/2019 14:00:00,28.11233,58.23866999999999
1/8/2019 16:00:00,28.1135,58.237669999999994
1/8/2019 18:00:00,28.1135,58.237669999999994
1/8/2019 20:00:00,28.1135,58.237669999999994
1/8/2019 22:00:00,28.1135,58.237669999999994
1/9/2019 0:00:00,28.1125,58.23783
1/9/2019 2:00:00,28.1125,58.23783
1/9/2019 4:00:00,28.11133,58.2385
1/10/2019 12:00:00,28.1055,58.243669999999995
1/10/2019 14:00:00,28.1055,58.24333000000001
1/10/2019 16:00:00,28.10533,58.24316999999999
1/12/2019 12:00:00,28.105829999999997,58.24183000000001
1/12/2019 14:00:00,28.105829999999997,58.24183000000001
1/12/2019 16:00:00,28.105829999999997,58.24183000000001
1/12/2019 18:00:00,28.105829999999997,58.242
1/12/2019 20:00:00,28.105829999999997,58.24183000000001
1/12/2019 22:00:00,28.105829999999997,58.24183000000001
1/13/2019 0:00:00,28.105829999999997,58.242
1/13/2019 2:00:00,28.105829999999997,58.24183000000001
1/13/2019 4:00:00,28.105829999999997,58.242
1/13/2019 6:00:00,28.105829999999997,58.242
1/13/2019 8:00:00,28.105829999999997,58.242
1/13/2019 10:00:00,28.105829999999997,58.242
1/14/2019 12:00:00,28.105829999999997,58.24183000000001
1/14/2019 14:00:00,28.105829999999997,58.24183000000001
1/14/2019 16:00:00,28.105829999999997,58.242
1/14/2019 18:00:00,28.105829999999997,58.24183000000001
1/14/2019 20:00:00,28.10567,58.24233
1/14/2019 22:00:00,28.105829999999997,58.242
1/15/2019 0:00:00,28.105829999999997,58.24183000000001
1/15/2019 2:00:00,28.105829999999997,58.24183000000001
1/15/2019 4:00:00,28.105829999999997,58.24183000000001
1/16/2019 6:00:00,28.105829999999997,58.24183000000001
1/16/2019 8:00:00,28.105999999999998,58.24183000000001
1/16/2019 10:00:00,28.105829999999997,58.242
1/17/2019 0:00:00,28.105829999999997,58.24183000000001
1/18/2019 0:00:00,28.105829999999997,58.24183000000001
1/18/2019 2:00:00,28.105829999999997,58.24183000000001
1/18/2019 4:00:00,28.105829999999997,58.242
1/18/2019 12:00:00,28.105829999999997,58.24183000000001
1/18/2019 14:00:00,28.105829999999997,58.24183000000001
1/18/2019 16:00:00,28.105829999999997,58.242
1/19/2019 0:00:00,28.105829999999997,58.24183000000001
1/19/2019 2:00:00,28.105999999999998,58.242
1/20/2019 0:00:00,28.105829999999997,58.24183000000001
1/20/2019 4:00:00,28.105829999999997,58.24183000000001
1/20/2019 6:00:00,28.105829999999997,58.24183000000001
1/20/2019 8:00:00,28.105999999999998,58.24183000000001
1/20/2019 10:00:00,28.105829999999997,58.242
1/21/2019 12:00:00,28.105829999999997,58.24183000000001
1/21/2019 14:00:00,28.105999999999998,58.24183000000001
2/1/2019 12:00:00,28.105829999999997,58.24183000000001
2/1/2019 14:00:00,28.105829999999997,58.242
2/1/2019 16:00:00,28.105829999999997,58.24183000000001
